Date,Name,Year,Letterboxd URI
2017-09-04,Good Time,2017,https://boxd.it/fcFu
2020-03-06,Portrait of a Lady on Fire,2019,https://boxd.it/jkPq
2020-03-06,Knives Out,2019,https://boxd.it/jWEA
2020-03-06,The Witch,2015,https://boxd.it/9X0m
2020-03-06,Lady Bird,2017,https://boxd.it/dGNE
2020-03-06,Whiplash,2014,https://boxd.it/7bQA
2020-03-06,Princess Mononoke,1997,https://boxd.it/2b4w
2020-03-06,Ford v Ferrari,2019,https://boxd.it/ce74
2020-03-06,The Godfather,1972,https://boxd.it/2aNK
2020-03-07,Under the Skin,2013,https://boxd.it/3mDa
2020-03-07,The Tree of Life,2011,https://boxd.it/1Zu8
2020-03-07,Mulholland Drive,2001,https://boxd.it/297o
2020-03-07,Lost in Translation,2003,https://boxd.it/2b0E
2020-03-07,Enter the Void,2009,https://boxd.it/1dy2
2020-03-07,Lost Highway,1997,https://boxd.it/29Wc
2020-03-07,Eyes Wide Shut,1999,https://boxd.it/2axs
2020-03-07,At Eternity's Gate,2018,https://boxd.it/hI40
2020-03-07,The Favourite,2018,https://boxd.it/d2hI
2020-03-07,Shoplifters,2018,https://boxd.it/ifY6
2020-03-07,"Jeanne Dielman, 23, Quai du Commerce 1080 Bruxelles",1975,https://boxd.it/T18
2020-03-07,Call Me by Your Name,2017,https://boxd.it/dYmm
2020-03-07,A Trip to the Moon,1902,https://boxd.it/29EC
2020-03-07,"Sherlock, Jr.",1924,https://boxd.it/298m
2020-03-07,Metropolis,1927,https://boxd.it/71a
2020-03-07,City Lights,1931,https://boxd.it/29ki
2020-03-07,Sleepless in Seattle,1993,https://boxd.it/29re
2020-03-07,Punch-Drunk Love,2002,https://boxd.it/20E4
2020-03-07,The Master,2012,https://boxd.it/2cBG
2020-03-07,Boogie Nights,1997,https://boxd.it/23um
2020-03-07,Amélie,2001,https://boxd.it/2aUc
2020-03-07,The Apartment,1960,https://boxd.it/2aGE
2020-03-07,M,1931,https://boxd.it/29vq
2020-03-07,Harakiri,1962,https://boxd.it/1NTU
2020-03-07,Seven Samurai,1954,https://boxd.it/2axi
2020-03-07,Come and See,1985,https://boxd.it/1w9q
2020-03-07,12 Angry Men,1957,https://boxd.it/2auI
2020-03-07,A Dog's Will,2000,https://boxd.it/12u4
2020-03-07,Akira,1988,https://boxd.it/2b1i
2020-03-07,Anomalisa,2015,https://boxd.it/97TE
2020-03-07,"Synecdoche, New York",2008,https://boxd.it/23zw
2020-03-07,Columbus,2017,https://boxd.it/eCuA
2020-03-08,"The Good, the Bad and the Ugly",1966,https://boxd.it/2ape
2020-03-08,Marriage Story,2019,https://boxd.it/hJAw
2020-03-08,The Florida Project,2017,https://boxd.it/dMG0
2020-03-08,Black Swan,2010,https://boxd.it/Sw0
2020-03-08,Jojo Rabbit,2019,https://boxd.it/iEBG
2020-03-08,Invisible Life,2019,https://boxd.it/k1JU
2020-03-08,The Farewell,2019,https://boxd.it/kIky
2020-03-08,Ad Astra,2019,https://boxd.it/ePzI
2020-03-08,Fracture,2007,https://boxd.it/220K
2020-03-08,The General,1926,https://boxd.it/29co
2020-03-08,"Steamboat Bill, Jr.",1928,https://boxd.it/1v9u
2020-03-08,Magnolia,1999,https://boxd.it/2aze
2020-03-08,The Host,2006,https://boxd.it/28ZY
2020-03-08,Possession,1981,https://boxd.it/1BPm
2020-03-08,Buffalo '66,1998,https://boxd.it/1YC6
2020-03-08,PlayTime,1967,https://boxd.it/1WLK
2020-03-08,Fantastic Mr. Fox,2009,https://boxd.it/1WyQ
2020-03-08,Inside Llewyn Davis,2013,https://boxd.it/34Ro
2020-03-08,Contagion,2011,https://boxd.it/13rq
2020-03-08,Dawn of the Dead,2004,https://boxd.it/29gK
2020-03-08,Rise of the Planet of the Apes,2011,https://boxd.it/cS4
2020-03-08,War for the Planet of the Apes,2017,https://boxd.it/8FE2
2020-03-08,Dawn of the Planet of the Apes,2014,https://boxd.it/3XyQ
2020-03-08,Jurassic Park,1993,https://boxd.it/2aA2
2020-03-08,The Thing,1982,https://boxd.it/294O
2020-03-08,Terminator 2: Judgment Day,1991,https://boxd.it/2aGY
2020-03-08,Who Framed Roger Rabbit,1988,https://boxd.it/29ry
2020-03-08,Alien,1979,https://boxd.it/2awY
2020-03-08,La Jetée,1962,https://boxd.it/29Sk
2020-03-08,Un Chien Andalou,1929,https://boxd.it/29Y8
2020-03-08,World of Tomorrow,2015,https://boxd.it/9Gr6
2020-03-08,The Wrong Trousers,1993,https://boxd.it/2ack
2020-03-08,Meshes of the Afternoon,1943,https://boxd.it/1sEE
2020-03-08,Kitbull,2019,https://boxd.it/l4MY
2020-03-08,Paperman,2012,https://boxd.it/4uYW
2020-03-08,Night and Fog,1956,https://boxd.it/29A6
2020-03-08,One Week,1920,https://boxd.it/1zr8
2020-03-08,The Red Balloon,1956,https://boxd.it/1Mxo
2020-03-08,Rejected,2000,https://boxd.it/1gZU
2020-03-08,Hair Love,2019,https://boxd.it/lI1I
2020-03-08,Bao,2018,https://boxd.it/iEl4
2020-03-08,A Grand Day Out,1989,https://boxd.it/2acu
2020-03-08,Geri's Game,1997,https://boxd.it/1P6U
2020-03-08,Duck Amuck,1953,https://boxd.it/x66
2020-03-08,Border,2018,https://boxd.it/iMbG
2020-03-08,The House of Us,2019,https://boxd.it/l99C
2020-03-08,The Nightingale,2018,https://boxd.it/e1Ga
2020-03-09,Brawl in Cell Block 99,2017,https://boxd.it/dWOo
2020-03-09,We Need to Talk About Kevin,2011,https://boxd.it/2pTS
2020-03-09,The Cabin in the Woods,2011,https://boxd.it/1zOc
2020-03-09,Mirror,1975,https://boxd.it/28Q8
2020-03-09,Andrei Rublev,1966,https://boxd.it/29lg
2020-03-09,The Sacrifice,1986,https://boxd.it/1xg8
2020-03-09,Ivan's Childhood,1962,https://boxd.it/1j6y
2020-03-09,Bronson,2008,https://boxd.it/1GM8
2020-03-09,Melancholia,2011,https://boxd.it/bPI
2020-03-09,Climax,2018,https://boxd.it/ikvo
2020-03-09,The Killing of a Sacred Deer,2017,https://boxd.it/dZ5G
2020-03-09,The King of Comedy,1982,https://boxd.it/2aJS
2020-03-09,Alice Doesn't Live Here Anymore,1974,https://boxd.it/1KIa
2020-03-09,Bringing Out the Dead,1999,https://boxd.it/1ZZK
2020-03-09,Casino,1995,https://boxd.it/2ads
2020-03-09,Cape Fear,1991,https://boxd.it/28vu
2020-03-09,The Color of Money,1986,https://boxd.it/1SSM
2020-03-09,The Aviator,2004,https://boxd.it/26BU
2020-03-09,I Saw the Devil,2010,https://boxd.it/FaK
2020-03-09,A Tale of Two Sisters,2003,https://boxd.it/248m
2020-03-09,"The Good, The Bad, The Weird",2008,https://boxd.it/1MSG
2020-03-09,Schindler's List,1993,https://boxd.it/2aq2
2020-03-09,American Hustle,2013,https://boxd.it/5dz8
2020-03-09,Swimming with Sharks,1994,https://boxd.it/1DJq
2020-03-09,The Night of the Hunter,1955,https://boxd.it/25HW
2020-03-09,Donnie Darko,2001,https://boxd.it/2b2A
2020-03-09,The Next Three Days,2010,https://boxd.it/UdE
2020-03-09,The Curious Case of Benjamin Button,2008,https://boxd.it/23Fk
2020-03-09,Training Day,2001,https://boxd.it/27A4
2020-03-09,The Pianist,2002,https://boxd.it/2aqc
2020-03-09,Platoon,1986,https://boxd.it/29BS
2020-03-09,Sunset Boulevard,1950,https://boxd.it/2a20
2020-03-09,Westworld,1973,https://boxd.it/26RS
2020-03-09,The Place Beyond the Pines,2012,https://boxd.it/3mDu
2020-03-09,The Godfather: Part II,1974,https://boxd.it/2aNq
2020-03-09,Room,2015,https://boxd.it/7T0y
2020-03-09,Cube,1997,https://boxd.it/2aoU
2020-03-09,A.I. Artificial Intelligence,2001,https://boxd.it/29Ve
2020-03-09,A Clockwork Orange,1971,https://boxd.it/2aVE
2020-03-09,The Butterfly Effect,2004,https://boxd.it/27M0
2020-03-09,Life Is Beautiful,1997,https://boxd.it/29Wm
2020-03-09,The Trial,1962,https://boxd.it/25Xg
2020-03-09,The Godfather: Part III,1990,https://boxd.it/2aN6
2020-03-09,Natural Born Killers,1994,https://boxd.it/2aNg
2020-03-09,Gattaca,1997,https://boxd.it/29Du
2020-03-09,Léon: The Professional,1994,https://boxd.it/2b8S
2020-03-09,Contact,1997,https://boxd.it/29OM
2020-03-09,Demolition,2015,https://boxd.it/9GuY
2020-03-09,The Raid,2011,https://boxd.it/3hBy
2020-03-09,Casablanca,1942,https://boxd.it/2aG0
2020-03-09,Equilibrium,2002,https://boxd.it/211s
2020-03-09,The Terminator,1984,https://boxd.it/2aQY
2020-03-09,Punishment Park,1971,https://boxd.it/1tJK
2020-03-09,A Few Good Men,1992,https://boxd.it/29nw
2020-03-09,Annie Hall,1977,https://boxd.it/29M2
2020-03-09,Blood Diamond,2006,https://boxd.it/28Tm
2020-03-09,For a Few Dollars More,1965,https://boxd.it/29eu
2020-03-09,Gandhi,1982,https://boxd.it/29Dk
2020-03-09,In the Name of the Father,1993,https://boxd.it/20I6
2020-03-09,Ben-Hur,1959,https://boxd.it/29RQ
2020-03-09,Hotel Rwanda,2004,https://boxd.it/2aSA
2020-03-09,Lawrence of Arabia,1962,https://boxd.it/2wRE
2020-03-09,Braveheart,1995,https://boxd.it/2aTI
2020-03-09,Gravity,2013,https://boxd.it/GZY
2020-03-09,Rocky,1976,https://boxd.it/28Uk
2020-03-09,Ip Man,2008,https://boxd.it/1NrQ
2020-03-09,It Happened One Night,1934,https://boxd.it/25Ng
2020-03-09,A Wednesday!,2008,https://boxd.it/1EFE
2020-03-09,Body of Lies,2008,https://boxd.it/1SvS
2020-03-09,Das Boot,1981,https://boxd.it/2av2
2020-03-09,Paterson,2016,https://boxd.it/cRk2
2020-03-09,The Illusionist,2006,https://boxd.it/28H6
2020-03-09,Lincoln,2012,https://boxd.it/2n2s
2020-03-09,Apocalypto,2006,https://boxd.it/28yy
2020-03-09,Lucky Number Slevin,2006,https://boxd.it/2aVu
2020-03-09,The Last Samurai,2003,https://boxd.it/29ZA
2020-03-09,Road to Perdition,2002,https://boxd.it/24Lo
2020-03-09,Lawless,2012,https://boxd.it/2TIK
2020-03-09,Enemy at the Gates,2001,https://boxd.it/29s2
2020-03-09,Eye in the Sky,2015,https://boxd.it/aZg4
2020-03-09,Unbreakable,2000,https://boxd.it/1XV2
2020-03-09,Argo,2012,https://boxd.it/2czU
2020-03-09,Valkyrie,2008,https://boxd.it/275g
2020-03-09,Gold,2016,https://boxd.it/b2IK
2020-03-09,Locke,2013,https://boxd.it/6hHC
2020-03-09,Dogville,2003,https://boxd.it/2a8W
2020-03-09,RockNRolla,2008,https://boxd.it/1PmI
2020-03-09,Kiss Kiss Bang Bang,2005,https://boxd.it/23c8
2020-03-09,Babel,2006,https://boxd.it/292o
2020-03-09,It's a Wonderful Life,1946,https://boxd.it/28xA
2020-03-09,Adventureland,2009,https://boxd.it/1JTQ
2020-03-09,Biutiful,2010,https://boxd.it/OiI
2020-03-09,The Way,2010,https://boxd.it/hZY
2020-03-09,Identity,2003,https://boxd.it/26e2
2020-03-09,The Lobster,2015,https://boxd.it/7tnw
2020-03-09,Green Street Hooligans,2005,https://boxd.it/1ZA6
2020-03-09,Rushmore,1998,https://boxd.it/1TAO
2020-03-09,The Orphanage,2007,https://boxd.it/2bfE
2020-03-09,Grizzly Man,2005,https://boxd.it/2ag2
2020-03-09,The Raid 2,2014,https://boxd.it/5uz0
2020-03-09,The Passenger,1975,https://boxd.it/1Y8q
2020-03-09,Max Manus: Man of War,2008,https://boxd.it/1Pus
2020-03-09,Captain Fantastic,2016,https://boxd.it/b2K2
2020-03-09,Wild,2014,https://boxd.it/6KQo
2020-03-09,A Fistful of Dollars,1964,https://boxd.it/2auo
2020-03-09,Army of Darkness,1992,https://boxd.it/29G4
2020-03-09,Psycho,1960,https://boxd.it/2ab2
2020-03-09,Spartacus,1960,https://boxd.it/29bq
2020-03-09,Darkest Hour,2017,https://boxd.it/dZZa
2020-03-09,Transcendence,2014,https://boxd.it/4VSQ
2020-03-09,The Fighter,2010,https://boxd.it/PP4
2020-03-09,The Man Who Wasn't There,2001,https://boxd.it/1Vqc
2020-03-09,The Mist,2007,https://boxd.it/22r2
2020-03-09,Captain Phillips,2013,https://boxd.it/3GPK
2020-03-09,A Serious Man,2009,https://boxd.it/1RFW
2020-03-09,Jacob's Ladder,1990,https://boxd.it/270g
2020-03-09,Ip Man 2,2010,https://boxd.it/18gs
2020-03-09,Filth,2013,https://boxd.it/32NY
2020-03-09,11.22.63,2016,https://boxd.it/bFV4
2020-03-09,The Hudsucker Proxy,1994,https://boxd.it/1SJA
2020-03-09,Rang De Basanti,2006,https://boxd.it/20KG
2020-03-09,Detachment,2011,https://boxd.it/2BiY
2020-03-09,The Life of David Gale,2003,https://boxd.it/1Tq0
2020-03-09,Survival Family,2016,https://boxd.it/fefI
2020-03-09,I Origins,2014,https://boxd.it/7aRM
2020-03-09,The World's Fastest Indian,2005,https://boxd.it/1XxO
2020-03-09,Trading Places,1983,https://boxd.it/28sK
2020-03-09,The Imposter,2012,https://boxd.it/2Ya4
2020-03-09,A Single Man,2009,https://boxd.it/1dx4
2020-03-09,The Graduate,1967,https://boxd.it/18Im
2020-03-09,And Then There Were None,2015,https://boxd.it/cTHC
2020-03-09,The City of Lost Children,1995,https://boxd.it/29k8
2020-03-09,Nebraska,2013,https://boxd.it/4exq
2020-03-09,Virunga,2014,https://boxd.it/7QtC
2020-03-09,Seven Psychopaths,2012,https://boxd.it/34PW
2020-03-09,The Civil War,1990,https://boxd.it/1tWO
2020-03-09,Citizen Kane,1941,https://boxd.it/71O
2020-03-09,Life,2009,https://boxd.it/6yCk
2020-03-09,Once Upon a Time in America,1984,https://boxd.it/2aCs
2020-03-09,Fear and Loathing in Las Vegas,1998,https://boxd.it/27Xs
2020-03-09,The Machinist,2004,https://boxd.it/248c
2020-03-09,Skins,2017,https://boxd.it/fsVI
2020-03-09,Cloud Atlas,2012,https://boxd.it/2W60
2020-03-09,The Arrested Development Documentary Project,2013,https://boxd.it/5LWA
2020-03-09,Africa,2013,https://boxd.it/61gg
2020-03-09,Donnie Brasco,1997,https://boxd.it/1YRA
2020-03-09,The Blue Planet,2001,https://boxd.it/62qQ
2020-03-09,Child 44,2015,https://boxd.it/5wEw
2020-03-09,Band of Brothers,2001,https://boxd.it/aRNY
2020-03-09,The World at War,1973,https://boxd.it/qAG4
2020-03-09,Million Dollar Baby,2004,https://boxd.it/2bdI
2020-03-09,Welcome to Marwen,2018,https://boxd.it/bNBQ
2020-03-09,Chronicle,2012,https://boxd.it/2Emk
2020-03-09,White Boy Rick,2018,https://boxd.it/fAwG
2020-03-09,Battle Royale,2000,https://boxd.it/25zS
2020-03-09,Atlanta,1996,https://boxd.it/87RQ
2020-03-09,"I, Claudius",1976,https://boxd.it/6bFU
2020-03-09,25th Hour,2002,https://boxd.it/28LC
2020-03-09,The Pacific,2010,https://boxd.it/5IIA
2020-03-09,Being John Malkovich,1999,https://boxd.it/2ahu
2020-03-09,Gaslight,1944,https://boxd.it/1PYs
2020-03-09,Triangle,2009,https://boxd.it/1tQG
2020-03-09,Wall Street,1987,https://boxd.it/1VFG
2020-03-09,Beautiful Boy,2018,https://boxd.it/g76Q
2020-03-09,Chinatown,1974,https://boxd.it/29vU
2020-03-09,Breathless,1960,https://boxd.it/2aIK
2020-03-09,Glass,2019,https://boxd.it/g3uO
2020-03-09,Five Came Back,2017,https://boxd.it/g1QI
2020-03-09,The Lincoln Lawyer,2011,https://boxd.it/DRM
2020-03-09,Jerry Before Seinfeld,2017,https://boxd.it/gZDE
2020-03-09,Bicycle Thieves,1948,https://boxd.it/23hW
2020-03-09,The Machine,2013,https://boxd.it/5mUY
2020-03-09,The Wire,1996,https://boxd.it/nRUw
2020-03-09,Prometheus,2012,https://boxd.it/2s9e
2020-03-09,Barton Fink,1991,https://boxd.it/2aFQ
2020-03-09,The Fringe Dwellers,1986,https://boxd.it/12qc
2020-03-09,The Stanford Prison Experiment,2015,https://boxd.it/9QQK
2020-03-09,Winter Sleep,2014,https://boxd.it/7Ua0
2020-03-09,Almost Famous,2000,https://boxd.it/29CQ
2020-03-09,Our Ladies,2019,https://boxd.it/ndEe
2020-03-09,Pi,1998,https://boxd.it/2ajq
2020-03-09,Tanna,2015,https://boxd.it/caI6
2020-03-09,Counterpart,2014,https://boxd.it/hETo
2020-03-09,Larry David: Curb Your Enthusiasm,1999,https://boxd.it/7L3a
2020-03-09,3 Idiots,2009,https://boxd.it/1Dsa
2020-03-09,Where Eagles Dare,1968,https://boxd.it/1UM2
2020-03-09,Public Enemies,2009,https://boxd.it/1U8m
2020-03-09,Russian Ark,2002,https://boxd.it/1JQM
2020-03-09,Little Miss Sunshine,2006,https://boxd.it/29EW
2020-03-09,Man on Fire,2004,https://boxd.it/1Yvk
2020-03-09,Cinema Paradiso,1988,https://boxd.it/1UlA
2020-03-09,Boyhood,2014,https://boxd.it/3178
2020-03-09,Hostiles,2017,https://boxd.it/dpiO
2020-03-09,Ronald Goedemondt: Spek,2006,https://boxd.it/Af6
2020-03-09,Jaws,1975,https://boxd.it/2a5e
2020-03-09,Patrick Melrose,2018,https://boxd.it/j1Pc
2020-03-09,Theo Maassen: Tegen beter weten in,2006,https://boxd.it/1ADa
2020-03-09,Requiem for a Dream,2000,https://boxd.it/29VI
2020-03-09,Deepwater Horizon,2016,https://boxd.it/9oiU
2020-03-09,Ronald Goedemondt: Binnen de Lijntjes,2013,https://boxd.it/4UlG
2020-03-09,The 30 Foot Bride of Candy Rock,1959,https://boxd.it/3Kga
2020-03-09,Jarhead,2005,https://boxd.it/70m
2020-03-09,Blackadder's Christmas Carol,1988,https://boxd.it/BOw
2020-03-09,Ronald Goedemondt: Dedication,2011,https://boxd.it/Aes
2020-03-09,Patriots Day,2016,https://boxd.it/dyo2
2020-03-09,Blackadder: The Cavalier Years,1988,https://boxd.it/7kXK
2020-03-09,Ronald Goedemondt: Ze bestaan echt,2008,https://boxd.it/AeM
2020-03-09,One Cut of the Dead,2017,https://boxd.it/iAFu
2020-03-09,Singin' in the Rain,1952,https://boxd.it/29oY
2020-03-09,Theo Maassen: Functioneel Naakt,2001,https://boxd.it/Rui
2020-03-09,Butch Cassidy and the Sundance Kid,1969,https://boxd.it/29Vy
2020-03-09,Persona,1966,https://boxd.it/29B4
2020-03-09,Close-Up,1990,https://boxd.it/1m9q
2020-03-09,Blindspotting,2018,https://boxd.it/hDMw
2020-03-09,Beginners,2010,https://boxd.it/s2S
2020-03-09,Cool Hand Luke,1967,https://boxd.it/29jY
2020-03-09,The Great Escape,1963,https://boxd.it/22kA
2020-03-09,Ferris Bueller's Day Off,1986,https://boxd.it/1YPY
2020-03-09,Carol,2015,https://boxd.it/7DPK
2020-03-09,Unforgiven,1992,https://boxd.it/6Z4
2020-03-09,The Way Way Back,2013,https://boxd.it/4Gwq
2020-03-09,Smokey and the Bandit,1977,https://boxd.it/1USk
2020-03-09,Theo Maassen: Neuk het Systeem,1995,https://boxd.it/wNI
2020-03-09,Dead Poets Society,1989,https://boxd.it/2aSg
2020-03-09,The Sisters Brothers,2018,https://boxd.it/fDFm
2020-03-09,All About Eve,1950,https://boxd.it/29LI
2020-03-09,Whiplash,2013,https://boxd.it/cJds
2020-03-09,Trailer Park Boys,1999,https://boxd.it/15sK
2020-03-09,The Red Turtle,2016,https://boxd.it/bdkE
2020-03-09,Raw,2016,https://boxd.it/dLd2
2020-03-09,Gangs of Wasseypur - Part 1,2012,https://boxd.it/3UHK
2020-03-09,Pleasantville,1998,https://boxd.it/26uY
2020-03-09,Red Beard,1965,https://boxd.it/251m
2020-03-09,Adaptation.,2002,https://boxd.it/26mA
2020-03-09,Mommy,2014,https://boxd.it/7Uau
2020-03-09,Fishing with John,1991,https://boxd.it/gtsu
2020-03-09,Inside No. 9: A Quiet Night In,2014,
2020-03-09,City of God,2002,https://boxd.it/2a2a
2020-03-09,The Science of Interstellar,2014,https://boxd.it/b9sY
2020-03-09,12 Strong,2018,https://boxd.it/fdnc
2020-03-09,Ikarie XB 1,1963,https://boxd.it/1EzG
2020-03-09,The Fifth Element,1997,https://boxd.it/71k
2020-03-09,The Sinner,2017,
2020-03-09,Eraserhead,1977,https://boxd.it/299u
2020-03-09,Traffic,2000,https://boxd.it/27Ue
2020-03-09,The Guilty,2018,https://boxd.it/hw9i
2020-03-09,Network,1976,https://boxd.it/1VqG
2020-03-09,Mud,2012,https://boxd.it/3wPA
2020-03-09,Bernie,2011,https://boxd.it/3eWe
2020-03-09,Tangerine,2015,https://boxd.it/9QRe
2020-03-09,True Romance,1993,https://boxd.it/2aBa
2020-03-09,Gangster Squad,2013,https://boxd.it/2TVa
2020-03-09,The Post,2017,https://boxd.it/fTeG
2020-03-09,Enemy of the State,1998,https://boxd.it/1XME
2020-03-09,Bodied,2017,https://boxd.it/fiAA
2020-03-09,Lord of War,2005,https://boxd.it/284y
2020-03-09,Escape from the Newsroom,2002,https://boxd.it/er7U
2020-03-09,The French Connection,1971,https://boxd.it/296g
2020-03-09,Day Dreams,1922,https://boxd.it/15c8
2020-03-09,Tombstone,1993,https://boxd.it/1SE6
2020-03-09,Silicon Valley,2013,https://boxd.it/kit0
2020-03-09,Ratcatcher,1999,https://boxd.it/1mSg
2020-03-09,Rain Man,1988,https://boxd.it/2avw
2020-03-09,Vanishing Point,1971,https://boxd.it/1SH0
2020-03-09,Foo Fighters Sonic Highways,2014,https://boxd.it/bpL8
2020-03-09,Austin Powers: The Spy Who Shagged Me,1999,https://boxd.it/29xQ
2020-03-09,The Seven-Ups,1973,https://boxd.it/1hLY
2020-03-09,The King's Speech,2010,https://boxd.it/dX0
2020-03-09,Naked Lunch,1991,https://boxd.it/26ow
2020-03-09,A Time to Kill,1996,https://boxd.it/28pc
2020-03-09,Dogtooth,2009,https://boxd.it/158K
2020-03-09,The Naked Gun 2½: The Smell of Fear,1991,https://boxd.it/18Yu
2020-03-09,The Naked Gun: From the Files of Police Squad!,1988,https://boxd.it/18YE
2020-03-09,Rear Window,1954,https://boxd.it/2a6Q
2020-03-09,Upgrade,2018,https://boxd.it/i4gW
2020-03-09,Rush,2013,https://boxd.it/3lyS
2020-03-09,Creed II,2018,https://boxd.it/hgl8
2020-03-09,The Man from Earth,2007,https://boxd.it/1Ql2
2020-03-09,Spy Game,2001,https://boxd.it/28Fk
2020-03-09,The Founder,2016,https://boxd.it/9XwM
2020-03-09,The Dirty Dozen,1967,https://boxd.it/28nK
2020-03-09,Annihilation,2018,https://boxd.it/9yzm
2020-03-09,"I, Daniel Blake",2016,https://boxd.it/d0xa
2020-03-09,The Tenant,1976,https://boxd.it/1TKk
2020-03-09,Animal House,1978,https://boxd.it/2062
2020-03-09,The Frame,2014,https://boxd.it/9JNE
2020-03-09,Stand by Me,1986,https://boxd.it/2aOe
2020-03-09,Dirty Harry,1971,https://boxd.it/299E
2020-03-09,Dazed and Confused,1993,https://boxd.it/1Ylk
2020-03-09,The Invisible Guest,2016,https://boxd.it/euce
2020-03-09,Bound,1996,https://boxd.it/1Z1g
2020-03-09,Miller's Crossing,1990,https://boxd.it/2avG
2020-03-09,Time Lapse,2014,https://boxd.it/8hCQ
2020-03-09,Coherence,2013,https://boxd.it/6xza
2020-03-09,The Skin I Live In,2011,https://boxd.it/99A
2020-03-09,Go,1999,https://boxd.it/1YHA
2020-03-09,The Time Machine,1960,https://boxd.it/27mQ
2020-03-09,From Dusk Till Dawn,1996,https://boxd.it/29HQ
2020-03-09,Rope,1948,https://boxd.it/28yo
2020-03-09,The Exorcist III,1990,https://boxd.it/1Tum
2020-03-09,Out of the Furnace,2013,https://boxd.it/572i
2020-03-09,mother!,2017,https://boxd.it/dgRU
2020-03-09,Dear Zachary: A Letter to a Son About His Father,2008,https://boxd.it/1LW8
2020-03-09,3:10 to Yuma,2007,https://boxd.it/23g0
2020-03-09,A Simple Plan,1998,https://boxd.it/1WMo
2020-03-09,Green Room,2015,https://boxd.it/a75m
2020-03-09,Rashomon,1950,https://boxd.it/2a9K
2020-03-09,Blood Simple,1984,https://boxd.it/1U16
2020-03-09,They Live,1988,https://boxd.it/20lm
2020-03-09,Godzilla: King of the Monsters,2019,https://boxd.it/cY7Y
2020-03-09,Upstream Color,2013,https://boxd.it/4Cwc
2020-03-09,Delicatessen,1991,https://boxd.it/29lK
2020-03-09,Hero,2002,https://boxd.it/2bcq
2020-03-09,Deadwood Park,2007,https://boxd.it/37k8
2020-03-09,Inland Empire,2006,https://boxd.it/28d6
2020-03-09,Europa Report,2013,https://boxd.it/5n0s
2020-03-09,The Man Who Would Be King,1975,https://boxd.it/299O
2020-03-09,"Planes, Trains and Automobiles",1987,https://boxd.it/26zE
2020-03-09,Barry Lyndon,1975,https://boxd.it/25A2
2020-03-09,Rosemary's Baby,1968,https://boxd.it/29zM
2020-03-09,The 39 Steps,1935,https://boxd.it/2aKc
2020-03-09,Mystic River,2003,https://boxd.it/2aAG
2020-03-09,Enter the Dragon,1973,https://boxd.it/1YCA
2020-03-09,The Driver,1978,https://boxd.it/27jW
2020-03-09,Le Samouraï,1967,https://boxd.it/22ZI
2020-03-09,Chris D'Elia: White Male. Black Comic.,2013,https://boxd.it/74co
2020-03-09,Amadeus,1984,https://boxd.it/2aH8
2020-03-09,Brokeback Mountain,2005,https://boxd.it/2b2q
2020-03-09,A Prayer Before Dawn,2017,https://boxd.it/fZ9i
2020-03-09,Joe Rogan: Triggered,2016,https://boxd.it/eUS6
2020-03-09,The Vietnam War,2017,https://boxd.it/h75q
2020-03-09,Anand,1971,https://boxd.it/1uhM
2020-03-09,The Hitchhiker's Guide to the Galaxy,2005,https://boxd.it/20VE
2020-03-09,Galaxy Quest,1999,https://boxd.it/29gq
2020-03-09,'71,2014,https://boxd.it/7nWK
2020-03-09,Sunshine,2007,https://boxd.it/28Xy
2020-03-09,Thank You for Smoking,2005,https://boxd.it/1YOc
2020-03-09,The Society,2015,https://boxd.it/o2xe
2020-03-09,Duel,1971,https://boxd.it/29ui
2020-03-09,Juno,2007,https://boxd.it/210a
2020-03-09,The Getaway,1972,https://boxd.it/22lS
2020-03-09,The Theory of Everything,2014,https://boxd.it/7YtA
2020-03-09,The Quiet Earth,1985,https://boxd.it/1WTE
2020-03-09,Burn After Reading,2008,https://boxd.it/23BW
2020-03-09,Chris D'Elia: Incorrigible,2015,https://boxd.it/b9Q2
2020-03-09,The Boondock Saints,1999,https://boxd.it/20gw
2020-03-09,White Men Can't Jump,1992,https://boxd.it/1WWy
2020-03-09,The Double,2013,https://boxd.it/4DLW
2020-03-09,The 'Burbs,1989,https://boxd.it/1SDi
2020-03-09,Driving Miss Daisy,1989,https://boxd.it/2asC
2020-03-09,Manhunter,1986,https://boxd.it/1TOw
2020-03-09,Catch-22,2019,https://boxd.it/miHq
2020-03-09,Fist of Fury,1972,https://boxd.it/1TaG
2020-03-09,A Bronx Tale,1993,https://boxd.it/28uQ
2020-03-09,The Town,2010,https://boxd.it/1zyS
2020-03-09,The White Meadows,2009,https://boxd.it/3nYS
2020-03-09,Cowboy Bebop,1998,https://boxd.it/ptES
2020-03-09,Burning,2018,https://boxd.it/hHUa
2020-03-09,Mother,2009,https://boxd.it/1m9g
2020-03-09,Richard Pryor: Live on the Sunset Strip,1982,https://boxd.it/1BiW
2020-03-09,Tucker and Dale vs. Evil,2010,https://boxd.it/Mce
2020-03-09,Richard Pryor: Here and Now,1983,https://boxd.it/1Bjg
2020-03-09,Badlands,1973,https://boxd.it/25Fm
2020-03-09,Jerry Seinfeld: I'm Telling You for the Last Time,1998,https://boxd.it/1zo4
2020-03-09,Nightcrawler,2014,https://boxd.it/780m
2020-03-09,Dekalog,1989,https://boxd.it/bv4u
2020-03-09,Closer,2004,https://boxd.it/270K
2020-03-09,Mr. Nobody,2009,https://boxd.it/1k44
2020-03-09,Mindhunter - The Making of a Serial Killer,2018,
2020-03-09,The Fountain,2006,https://boxd.it/28RU
2020-03-09,Eddie Murphy: Delirious,1983,https://boxd.it/1Mzk
2020-03-09,Dangal,2016,https://boxd.it/chfU
2020-03-09,Toy Story,1995,https://boxd.it/29qA
2020-03-09,La Haine,1995,https://boxd.it/2as8
2020-03-09,Still Walking,2008,https://boxd.it/1wvm
2020-03-09,Some Like It Hot,1959,https://boxd.it/2aNA
2020-03-09,Nobody Knows,2004,https://boxd.it/26E0
2020-03-09,Paths of Glory,1957,https://boxd.it/29b6
2020-03-09,Toy Story 3,2010,https://boxd.it/1WRe
2020-03-09,Time Bandits,1981,https://boxd.it/19KI
2020-03-09,A Separation,2011,https://boxd.it/gvo
2020-03-09,The Man Who Knew Too Much,1956,https://boxd.it/2a5S
2020-03-09,The Killing Fields,1984,https://boxd.it/29Yi
2020-03-09,Shadow of a Doubt,1943,https://boxd.it/1BtA
2020-03-09,Exam,2009,https://boxd.it/1mn8
2020-03-09,Spellbound,1945,https://boxd.it/24Ji
2020-03-09,The Sting,1973,https://boxd.it/1Z5s
2020-03-09,The Kid,1921,https://boxd.it/1X5U
2020-03-09,The Invitation,2015,https://boxd.it/9OUU
2020-03-09,Trance,2013,https://boxd.it/2cAS
2020-03-09,Dave Chappelle: For What It's Worth,2004,https://boxd.it/1DYU
2020-03-09,The Best Offer,2013,https://boxd.it/4Oh4
2020-03-09,Stalag 17,1953,https://boxd.it/29Xa
2020-03-09,Capernaum,2018,https://boxd.it/iM3s
2020-03-09,Charade,1963,https://boxd.it/23O2
2020-03-09,Strangers on a Train,1951,https://boxd.it/29tk
2020-03-09,Notorious,1946,https://boxd.it/2aDK
2020-03-09,Ikiru,1952,https://boxd.it/251c
2020-03-09,The French Dispatch,,https://boxd.it/jLP8
2020-03-09,The Man Who Shot Liberty Valance,1962,https://boxd.it/1Tdg
2020-03-09,Rebel Without a Cause,1955,https://boxd.it/2aQu
2020-03-09,The Secret in Their Eyes,2009,https://boxd.it/1vWw
2020-03-09,Flash Point,2007,https://boxd.it/1bNu
2020-03-09,The Hitcher,1986,https://boxd.it/1Yq0
2020-03-09,Just Mercy,2019,https://boxd.it/iXj2
2020-03-09,Giant,1956,https://boxd.it/28fQ
2020-03-09,A Quiet Place Part II,2020,https://boxd.it/iTx0
2020-03-09,Happiness,1998,https://boxd.it/1VEe
2020-03-09,Breakfast at Tiffany's,1961,https://boxd.it/2aYS
2020-03-09,Chariots of Fire,1981,https://boxd.it/1YFu
2020-03-09,Anatomy of a Murder,1959,https://boxd.it/2baa
2020-03-09,Assault on Precinct 13,1976,https://boxd.it/1I2c
2020-03-09,Wolf Children,2012,https://boxd.it/3Ipk
2020-03-09,East of Eden,1955,https://boxd.it/2aQE
2020-03-09,The Fly,1986,https://boxd.it/1YIe
2020-03-09,Monsieur Hulot's Holiday,1953,https://boxd.it/29E8
2020-03-09,Mon Oncle,1958,https://boxd.it/2apy
2020-03-09,Watchmen,2019,https://boxd.it/ol5e
2020-03-09,Peep Show,1981,https://boxd.it/aOUM
2020-03-09,Catch-22,1970,https://boxd.it/1WrK
2020-03-09,The Royal Tenenbaums,2001,https://boxd.it/1YHU
2020-03-09,The Yellow Sea,2010,https://boxd.it/2j6q
2020-03-09,Jour de Fête,1949,https://boxd.it/243Q
2020-03-09,Blue Velvet,1986,https://boxd.it/29BI
2020-03-09,The Handmaiden,2016,https://boxd.it/948A
2020-03-09,The Assassin,2015,https://boxd.it/7rdE
2020-03-12,Chicago,2002,https://boxd.it/28zm
2020-03-15,The Stranger,1946,https://boxd.it/1DP4
2020-03-15,The Darjeeling Limited,2007,https://boxd.it/24as
2020-03-15,The Lost Boys,1987,https://boxd.it/28DI
2020-03-16,Revolutionary Road,2008,https://boxd.it/24Le
2020-03-16,Won't You Be My Neighbor?,2018,https://boxd.it/hDPU
2020-03-17,Jackie,2016,https://boxd.it/d6bu
2020-03-17,The Wrestler,2008,https://boxd.it/1So8
2020-03-18,K-PAX,2001,https://boxd.it/2aYo
2020-03-19,Marie Antoinette,2006,https://boxd.it/27Wa
2020-03-19,"I, Tonya",2017,https://boxd.it/dzR0
2020-03-19,No Time to Die,2021,https://boxd.it/cPX2
2020-03-19,The Night Manager,2016,https://boxd.it/dsfS
2020-03-26,A Serbian Film,2010,https://boxd.it/2wBc
2020-03-26,Suspiria,2018,https://boxd.it/cioI
2020-03-26,Suspiria,1977,https://boxd.it/1SNW
2020-03-26,Grave of the Fireflies,1988,https://boxd.it/1RUM
2020-03-26,The Elephant Man,1980,https://boxd.it/27LQ
2020-03-26,Safety Last!,1923,https://boxd.it/1AkW
2020-03-26,The Circus,1928,https://boxd.it/1orm
2020-03-26,Our Hospitality,1923,https://boxd.it/29Mm
2020-03-26,The Cameraman,1928,https://boxd.it/1jag
2020-03-26,What We Do in the Shadows,2014,https://boxd.it/7eQy
2020-03-26,"Girl, Interrupted",1999,https://boxd.it/25ds
2020-03-26,High-Rise,2015,https://boxd.it/7tmo
2020-03-26,Waves,2019,https://boxd.it/jpmy
2020-03-26,Eighth Grade,2018,https://boxd.it/hDMG
2020-03-26,Independence Day,1996,https://boxd.it/2a1w
2020-03-27,Austin Powers: International Man of Mystery,1997,https://boxd.it/29y0
2020-03-27,Rebecca,1940,https://boxd.it/2aQa
2020-03-27,The Philadelphia Story,1940,https://boxd.it/29a8
2020-03-28,The Holy Mountain,1973,https://boxd.it/20mu
2020-03-28,The Swimmer,1968,https://boxd.it/1ffG
2020-03-28,Maelström,2000,https://boxd.it/1caI
2020-03-28,The Climb,2019,https://boxd.it/lXDM
2020-03-28,Sorry We Missed You,2019,https://boxd.it/iXBg
2020-03-28,Greener Grass,2019,https://boxd.it/jYoY
2020-03-28,Raising Arizona,1987,https://boxd.it/2avQ
2020-03-28,News from Home,1976,https://boxd.it/34TO
2020-03-28,Lolita,1962,https://boxd.it/29Ag
2020-03-28,Tokyo Story,1953,https://boxd.it/1HuY
2020-03-28,The Passion of Joan of Arc,1928,https://boxd.it/29DO
2020-03-28,The Third Man,1949,https://boxd.it/294E
2020-03-28,The 400 Blows,1959,https://boxd.it/2b1C
2020-03-28,The Big Heat,1953,https://boxd.it/1NNM
2020-03-28,The Testament of Dr. Mabuse,1933,https://boxd.it/1Sia
2020-03-28,Scarlet Street,1945,https://boxd.it/1JgE
2020-03-28,Brooklyn,2015,https://boxd.it/5bdk
2020-03-28,The Conversation,1974,https://boxd.it/2a38
2020-03-28,The Outsiders,1983,https://boxd.it/2aPw
2020-03-29,Yi Yi,2000,https://boxd.it/1vCw
2020-03-29,Wildlife,2018,https://boxd.it/eKYe
2020-03-29,The Great Gatsby,2013,https://boxd.it/JY
2020-03-29,Shame,2011,https://boxd.it/2CxU
2020-03-29,Widows,2018,https://boxd.it/e6gc
2020-03-29,Silver Linings Playbook,2012,https://boxd.it/2TTo
2020-03-29,Revenge of the Nerds,1984,https://boxd.it/1ORq
2020-03-29,Gone with the Wind,1939,https://boxd.it/29Fq
2020-03-30,The Beach Bum,2019,https://boxd.it/fH4O
2020-03-30,Honey Boy,2019,https://boxd.it/ixvm
2020-03-30,Big Time Adolescence,2019,https://boxd.it/jFke
2020-03-30,Love,2015,https://boxd.it/9brE
2020-03-30,Ran,1985,https://boxd.it/1Tlu
2020-03-30,The Foreigner,2017,https://boxd.it/dbRg
2020-03-31,Thelma & Louise,1991,https://boxd.it/28Ew
2020-03-31,Mikey and Nicky,1976,https://boxd.it/iL4
2020-04-01,Zulu,1964,https://boxd.it/1O6Y
2020-04-01,The Breakfast Club,1985,https://boxd.it/27q4
2020-04-04,Dope,2015,https://boxd.it/9Tho
2020-04-06,It's Such a Beautiful Day,2012,https://boxd.it/hCY2
2020-04-06,Howl's Moving Castle,2004,https://boxd.it/23De
2020-04-06,Bottle Rocket,1996,https://boxd.it/1PDa
2020-04-06,Hotel Chevalier,2007,https://boxd.it/21Ic
2020-04-06,Bottle Rocket,1993,https://boxd.it/pP8
2020-04-06,Castello Cavalcanti,2013,https://boxd.it/6WlM
2020-04-06,David Lynch Cooks Quinoa,2007,https://boxd.it/b9G2
2020-04-07,I Lost My Body,2019,https://boxd.it/lAYs
2020-04-07,Inherent Vice,2014,https://boxd.it/5hla
2020-04-07,Joint Security Area,2000,https://boxd.it/26Ja
2020-04-07,The Meyerowitz Stories (New and Selected),2017,https://boxd.it/dSp0
2020-04-07,Frances Ha,2012,https://boxd.it/41Xg
2020-04-07,3-Iron,2004,https://boxd.it/28WK
2020-04-07,"Like Father, Like Son",2013,https://boxd.it/5rQs
2020-04-07,8½,1963,https://boxd.it/2aqm
2020-04-07,Fanny and Alexander,1982,https://boxd.it/22go
2020-04-07,Wild Strawberries,1957,https://boxd.it/29ZU
2020-04-07,Winter Light,1963,https://boxd.it/1nrU
2020-04-07,Cries and Whispers,1972,https://boxd.it/1WK8
2020-04-07,Double Indemnity,1944,https://boxd.it/297I
2020-04-07,Ace in the Hole,1951,https://boxd.it/1vXk
2020-04-07,Witness for the Prosecution,1957,https://boxd.it/18H4
2020-04-07,Sunrise: A Song of Two Humans,1927,https://boxd.it/29Xk
2020-04-07,The Rules of the Game,1939,https://boxd.it/29Es
2020-04-07,The Battle of Algiers,1966,https://boxd.it/1IRY
2020-04-07,The Searchers,1956,https://boxd.it/25HC
2020-04-07,Holy Motors,2012,https://boxd.it/3wai
2020-04-07,The Virgin Suicides,1999,https://boxd.it/28JG
2020-04-07,Ali: Fear Eats the Soul,1974,https://boxd.it/2aRi
2020-04-07,Berlin Alexanderplatz,1980,https://boxd.it/PeM
2020-04-07,Pierrot le Fou,1965,https://boxd.it/26j2
2020-04-07,Contempt,1963,https://boxd.it/2aJe
2020-04-07,Phantom Thread,2017,https://boxd.it/e4uc
2020-04-07,The Lovers on the Bridge,1991,https://boxd.it/26li
2020-04-07,Timecrimes,2007,https://boxd.it/1OGM
2020-04-07,American Honey,2016,https://boxd.it/bk7C
2020-04-07,La La Land,2016,https://boxd.it/a5fa
2020-04-07,Moneyball,2011,https://boxd.it/glS
2020-04-07,DodgeBall: A True Underdog Story,2004,https://boxd.it/1YAY
2020-04-07,Cool Runnings,1993,https://boxd.it/29qg
2020-04-07,Remember the Titans,2000,https://boxd.it/1VLk
2020-04-07,The Sandlot,1993,https://boxd.it/1TDy
2020-04-07,Margaret,2011,https://boxd.it/2kbm
2020-04-07,Certain Women,2016,https://boxd.it/bk7W
2020-04-07,Meek's Cutoff,2010,https://boxd.it/nsG
2020-04-07,"Night Is Short, Walk on Girl",2017,https://boxd.it/ffwA
2020-04-07,An Elephant Sitting Still,2018,https://boxd.it/i1EQ
2020-04-07,Heaven Knows What,2014,https://boxd.it/8P1a
2020-04-07,Thunder Road,2018,https://boxd.it/i8Hs
2020-04-07,"Oslo, August 31st",2011,https://boxd.it/2xQC
2020-04-07,We Are the Best!,2013,https://boxd.it/5Mek
2020-04-07,Foxtrot,2017,https://boxd.it/fOqC
2020-04-07,Breathe,2014,https://boxd.it/87L4
2020-04-07,Birds of Passage,2018,https://boxd.it/fyVu
2020-04-07,Clue,1985,https://boxd.it/1MDQ
2020-04-07,Scream,1996,https://boxd.it/24EC
2020-04-07,Safe,1995,https://boxd.it/1gKU
2020-04-07,Cold War,2018,https://boxd.it/fEoc
2020-04-07,Gerald's Game,2017,https://boxd.it/buKa
2020-04-07,Mudbound,2017,https://boxd.it/eCsu
2020-04-07,The Wizard of Oz,1939,https://boxd.it/29Xu
2020-04-07,A Nightmare on Elm Street,1984,https://boxd.it/2aw0
2020-04-07,Mary Poppins,1964,https://boxd.it/2aoA
2020-04-07,Bill & Ted's Excellent Adventure,1989,https://boxd.it/28oI
2020-04-07,The Legend of Drunken Master,1994,https://boxd.it/1Si0
2020-04-07,Police Story,1985,https://boxd.it/1Zhe
2020-04-07,The 36th Chamber of Shaolin,1978,https://boxd.it/1SXC
2020-04-07,Harold & Kumar Go to White Castle,2004,https://boxd.it/1Ueu
2020-04-07,Drugstore Cowboy,1989,https://boxd.it/2aj6
2020-04-07,Up in Smoke,1978,https://boxd.it/1TOm
2020-04-07,His Girl Friday,1940,https://boxd.it/25M8
2020-04-07,"Good Night, and Good Luck.",2005,https://boxd.it/25vG
2020-04-07,Shattered Glass,2003,https://boxd.it/1PXa
2020-04-07,State of Play,2009,https://boxd.it/1JnA
2020-04-07,The Girl with the Dragon Tattoo,2011,https://boxd.it/2Pa
2020-04-07,Frost/Nixon,2008,https://boxd.it/1TI4
2020-04-07,Broadcast News,1987,https://boxd.it/1RxS
2020-04-07,The Insider,1999,https://boxd.it/1ZoE
2020-04-09,Leviathan,2014,https://boxd.it/7Ub8
2020-04-09,West Side Story,1961,https://boxd.it/28dK
2020-04-09,Ghostbusters,1984,https://boxd.it/g2w
2020-04-09,The Warriors,1979,https://boxd.it/1TLC
2020-04-09,When Harry Met Sally...,1989,https://boxd.it/29W2
2020-04-09,Manhattan,1979,https://boxd.it/29Na
2020-04-09,Midnight in Paris,2011,https://boxd.it/i4a
2020-04-09,Café Society,2016,https://boxd.it/bhEy
2020-04-09,After Hours,1985,https://boxd.it/1VfS
2020-04-09,"Crazy, Stupid, Love.",2011,https://boxd.it/D9A
2020-04-09,Anchorman: The Legend of Ron Burgundy,2004,https://boxd.it/1ZVo
2020-04-09,Before Sunset,2004,https://boxd.it/2bcg
2020-04-09,Cléo from 5 to 7,1962,https://boxd.it/2agm
2020-04-09,Funny Face,1957,https://boxd.it/1Qpy
2020-04-09,Rififi,1955,https://boxd.it/29f8
2020-04-09,Three Colors: Blue,1993,https://boxd.it/2b7K
2020-04-09,Three Colors: Red,1994,https://boxd.it/2b7q
2020-04-09,The Double Life of Véronique,1991,https://boxd.it/28va
2020-04-09,Three Colors: White,1994,https://boxd.it/2b7A
2020-04-09,Naked,1993,https://boxd.it/1BT4
2020-04-09,Event Horizon,1997,https://boxd.it/20d8
2020-04-09,The Exorcist,1973,https://boxd.it/1Yoo
2020-04-09,Kwaidan,1964,https://boxd.it/1kbY
2020-04-10,Everything or Nothing,2012,https://boxd.it/4nLQ
2020-04-10,Perfect Blue,1997,https://boxd.it/1W7A
2020-04-12,The Strange Thing About the Johnsons,2011,https://boxd.it/56nO
2020-04-12,Munchausen,2013,https://boxd.it/i7HG
2020-04-12,Tragedy Girls,2017,https://boxd.it/eB7K
2020-04-12,C'est La Vie,2016,https://boxd.it/iXNm
2020-04-12,The Turtle's Head,2014,https://boxd.it/j1hu
2020-04-12,Sing Street,2016,https://boxd.it/cOo6
2020-04-12,Raiders of the Lost Ark,1981,https://boxd.it/2bbs
2020-04-12,Logan,2017,https://boxd.it/7Piy
2020-04-12,You've Got Mail,1998,https://boxd.it/1Yye
2020-04-13,Wings of Desire,1987,https://boxd.it/2b26
2020-04-13,What's Eating Gilbert Grape,1993,https://boxd.it/28xg
2020-04-13,Harold and Maude,1971,https://boxd.it/2axM
2020-04-13,Mank,2020,https://boxd.it/mIuC
2020-04-13,Queen & Slim,2019,https://boxd.it/jy4y
2020-04-14,Joy,2015,https://boxd.it/8kEU
2020-04-14,The Last Picture Show,1971,https://boxd.it/1weg
2020-04-14,Paper Moon,1973,https://boxd.it/1Ud2
2020-04-14,The Dark Tower,2017,https://boxd.it/bU66
2020-04-14,The Son,,
2020-04-14,120 Seconds to Get Elected,2006,https://boxd.it/72j8
2020-04-14,Cleopatra,,https://boxd.it/bgxQ
2020-04-14,Cosmos,1996,https://boxd.it/46xC
2020-04-14,Rated R for Nudity,2011,https://boxd.it/aAMa
2020-04-14,Empirical Study on the Influence of Sound on the Persistence of Vision,2011,https://boxd.it/bCdy
2020-04-14,Che: Part One,2008,https://boxd.it/1ZGe
2020-04-14,Che: Part Two,2008,https://boxd.it/1ZGo
2020-04-14,Blue Valentine,2010,https://boxd.it/MxG
2020-04-14,Lake of Fire,2006,https://boxd.it/SoU
2020-04-14,Diabolique,1955,https://boxd.it/29we
2020-04-17,Amores Perros,2000,https://boxd.it/2bfu
2020-04-17,The Homesman,2014,https://boxd.it/7SXO
2020-04-17,Dark City,1998,https://boxd.it/26uk
2020-04-17,Band of Outsiders,1964,https://boxd.it/20Aw
2020-04-17,Roman Holiday,1953,https://boxd.it/29zW
2020-04-17,Big,1988,https://boxd.it/271S
2020-04-17,Jerry Maguire,1996,https://boxd.it/1YNS
2020-04-17,Bringing Up Baby,1938,https://boxd.it/29ks
2020-04-17,Hunt for the Wilderpeople,2016,https://boxd.it/cTgG
2020-04-17,"Jeff, Who Lives at Home",2011,https://boxd.it/2TjU
2020-04-17,The Shop Around the Corner,1940,https://boxd.it/1DFy
2020-04-17,To Be or Not to Be,1942,https://boxd.it/2aTy
2020-04-17,Out of the Blue,1980,https://boxd.it/1456
2020-04-18,The Doors,1991,https://boxd.it/1W18
2020-04-18,Who's Afraid of Virginia Woolf?,1966,https://boxd.it/2atK
2020-04-18,The Fall,2006,https://boxd.it/1NoM
2020-04-18,"Paris, Je T'Aime",2006,https://boxd.it/273a
2020-04-18,Last Night in Soho,2021,https://boxd.it/lbJC
2020-04-19,Revolver,2005,https://boxd.it/1VeA
2020-04-21,"One Sings, the Other Doesn't",1977,https://boxd.it/98s
2020-04-21,Faces Places,2017,https://boxd.it/g7ck
2020-04-22,On the Beach at Night Alone,2017,https://boxd.it/fqEK
2020-04-22,"Right Now, Wrong Then",2015,https://boxd.it/bWs4
2020-04-22,Hope,2013,https://boxd.it/7x5Q
2020-04-22,New World,2013,https://boxd.it/588Q
2020-04-22,The World of Us,2016,https://boxd.it/dpeC
2020-04-22,Oasis,2002,https://boxd.it/1sO0
2020-04-22,House of Hummingbird,2018,https://boxd.it/jZ8C
2020-04-22,The Day He Arrives,2011,https://boxd.it/31L8
2020-04-22,"Spring, Summer, Fall, Winter... and Spring",2003,https://boxd.it/2b6W
2020-04-22,Secret Sunshine,2007,https://boxd.it/27CY
2020-04-22,The Wailing,2016,https://boxd.it/9fLy
2020-04-22,Peppermint Candy,1999,https://boxd.it/ZQc
2020-04-22,Poetry,2010,https://boxd.it/JAs
2020-04-23,Vivarium,2019,https://boxd.it/gmVE
2020-04-23,Ride Lonesome,1959,https://boxd.it/1rjK
2020-04-23,7 Men from Now,1956,https://boxd.it/1tLc
2020-04-23,Comanche Station,1960,https://boxd.it/28kQ
2020-04-23,Five Easy Pieces,1970,https://boxd.it/1tww
2020-04-23,The Wind Rises,2013,https://boxd.it/4JQS
2020-04-23,Nausicaä of the Valley of the Wind,1984,https://boxd.it/2bc6
2020-04-24,Nocturnal Animals,2016,https://boxd.it/bkFu
2020-04-24,Sorry to Bother You,2018,https://boxd.it/f21E
2020-04-24,Star,2001,https://boxd.it/1AkC
2020-04-24,The Hard Case,1995,https://boxd.it/fjsi
2020-04-24,Wrath of Man,2021,https://boxd.it/nEia
2020-04-24,Dune,2021,https://boxd.it/fA7G
2020-04-25,Grand Illusion,1937,https://boxd.it/29Ei
2020-04-25,A Day in the Country,1946,https://boxd.it/Tm6
2020-04-25,The River,1951,https://boxd.it/Q3K
2020-04-25,The Red Shoes,1948,https://boxd.it/1EXI
2020-04-25,"Paris, Texas",1984,https://boxd.it/29Ts
2020-04-25,Aliens,1986,https://boxd.it/29PA
2020-04-25,In the Mood for Love,2000,https://boxd.it/29tE
2020-04-25,Court,2014,https://boxd.it/96Fm
2020-04-26,Twenty Years Later,1984,https://boxd.it/33Oo
2020-04-26,The Age of Innocence,1993,https://boxd.it/1WgM
2020-04-27,Face/Off,1997,https://boxd.it/29I0
2020-04-27,Kids,1995,https://boxd.it/1YUY
2020-04-27,Lady Macbeth,2016,https://boxd.it/erJk
2020-04-27,Outlaw King,2018,https://boxd.it/gcxi
2020-04-27,Papillon,1973,https://boxd.it/22kK
2020-04-28,Chungking Express,1994,https://boxd.it/1UDa
2020-04-28,House,1977,https://boxd.it/1vsm
2020-04-28,Fallen Angels,1995,https://boxd.it/1UkW
2020-04-28,The End of the Tour,2015,https://boxd.it/7jIE
2020-04-28,Short Term 12,2013,https://boxd.it/5f6s
2020-04-28,Birdcage Inn,1998,https://boxd.it/26jG
2020-04-28,The Spirit of the Beehive,1973,https://boxd.it/24eY
2020-04-28,Bad Education,2004,https://boxd.it/2b2K
2020-04-28,Eat Drink Man Woman,1994,https://boxd.it/1Wem
2020-04-28,La Dolce Vita,1960,https://boxd.it/2anC
2020-04-28,The Life and Death of Colonel Blimp,1943,https://boxd.it/1wwk
2020-04-28,Memories of Matsuko,2006,https://boxd.it/1iVU
2020-04-28,Confessions,2010,https://boxd.it/uRS
2020-04-28,If Beale Street Could Talk,2018,https://boxd.it/gGhu
2020-04-28,Throne of Blood,1957,https://boxd.it/251w
2020-04-28,Chimes at Midnight,1965,https://boxd.it/299k
2020-04-28,Run Lola Run,1998,https://boxd.it/2b8o
2020-04-28,The Player,1992,https://boxd.it/1WlM
2020-04-28,The Artist,2011,https://boxd.it/2AwK
2020-04-28,Super 8,2011,https://boxd.it/dVI
2020-04-28,Blow Out,1981,https://boxd.it/1TlE
2020-04-28,The Harder They Fall,1956,https://boxd.it/1pnK
2020-04-28,The Most Dangerous Game,1932,https://boxd.it/27Gc
2020-04-28,Demons,1971,https://boxd.it/3yiy
2020-04-28,Tootsie,1982,https://boxd.it/1YkG
2020-04-28,Nashville,1975,https://boxd.it/25GE
2020-04-28,Before Sunrise,1995,https://boxd.it/2bcU
2020-04-28,Over the Garden Wall,2014,https://boxd.it/eqFw
2020-04-28,What Ever Happened to Baby Jane?,1962,https://boxd.it/1WJE
2020-04-28,In a Lonely Place,1950,https://boxd.it/1JgO
2020-04-28,The Lusty Men,1952,https://boxd.it/UEA
2020-04-28,John Mulaney & The Sack Lunch Bunch,2019,https://boxd.it/o9Fu
2020-04-28,Dog Day Afternoon,1975,https://boxd.it/29bg
2020-04-28,Keoma,1976,https://boxd.it/21ua
2020-04-28,Lazarus,,https://boxd.it/jeVW
2020-04-28,Ghost World,2001,https://boxd.it/28Dy
2020-04-28,Wild Things,1998,https://boxd.it/29Zq
2020-04-28,Seconds,1966,https://boxd.it/1Dbe
2020-04-28,Journey to Italy,1954,https://boxd.it/26o2
2020-04-28,The Cove,2009,https://boxd.it/1zCq
2020-04-28,Fahrenheit 11/9,2018,https://boxd.it/jofc
2020-04-28,Capitalism: A Love Story,2009,https://boxd.it/1B62
2020-04-28,Bowling for Columbine,2002,https://boxd.it/28Ls
2020-04-28,Where to Invade Next,2015,https://boxd.it/bQiC
2020-04-28,Sicko,2007,https://boxd.it/26Sm
2020-04-28,Jesus Camp,2006,https://boxd.it/28ac
2020-04-28,Three Identical Strangers,2018,https://boxd.it/hDNO
2020-04-29,Fanny and Alexander,1984,https://boxd.it/lXFe
2020-04-29,O.J.: Made in America,2016,https://boxd.it/d7zi
2020-04-29,High and Low,1963,https://boxd.it/1RSc
2020-04-29,The Vanishing,1988,https://boxd.it/1ZTW
2020-05-01,Bonnie and Clyde,1967,https://boxd.it/2ajg
2020-05-01,Limelight,1952,https://boxd.it/1osa
2020-05-01,Day for Night,1973,https://boxd.it/28kG
2020-05-01,Scattered Night,2019,https://boxd.it/m19c
2020-05-01,System Crasher,2019,https://boxd.it/kO1W
2020-05-01,One Child Nation,2019,https://boxd.it/kL0Q
2020-05-01,For Sama,2019,https://boxd.it/l9wQ
2020-05-01,Queen of Hearts,2019,https://boxd.it/iQ8Q
2020-05-01,A Hidden Life,2019,https://boxd.it/eb1Q
2020-05-01,Being There,1979,https://boxd.it/1WxS
2020-05-01,A Shot in the Dark,1964,https://boxd.it/28w8
2020-05-01,The Pink Panther Strikes Again,1976,https://boxd.it/1S9i
2020-05-01,The Return of the Pink Panther,1975,https://boxd.it/1SXi
2020-05-01,Revenge of the Pink Panther,1978,https://boxd.it/225g
2020-05-02,Fear X,2003,https://boxd.it/17Jo
2020-05-02,Gangs of Wasseypur - Part 2,2012,https://boxd.it/497i
2020-05-02,Dynasties,2018,https://boxd.it/kYtw
2020-05-02,Wings,1927,https://boxd.it/1osO
2020-05-02,Election,1999,https://boxd.it/1YEc
2020-05-02,Jules and Jim,1962,https://boxd.it/28rM
2020-05-02,Vivre Sa Vie,1962,https://boxd.it/28s6
2020-05-02,Martyrs,2008,https://boxd.it/1Yqu
2020-05-02,Waking Life,2001,https://boxd.it/1Zdc
2020-05-02,After Life,1998,https://boxd.it/1HMI
2020-05-02,Chain,2004,https://boxd.it/6fm8
2020-05-03,Ponyo,2008,https://boxd.it/1S0A
2020-05-03,A Brighter Summer Day,1991,https://boxd.it/1Luy
2020-05-03,Harry Potter and the Philosopher's Stone,2001,https://boxd.it/29QS
2020-05-03,Harry Potter and the Deathly Hallows: Part 2,2011,https://boxd.it/1RYk
2020-05-03,Harry Potter and the Prisoner of Azkaban,2004,https://boxd.it/29Qy
2020-05-03,Harry Potter and the Chamber of Secrets,2002,https://boxd.it/29QI
2020-05-03,Harry Potter and the Goblet of Fire,2005,https://boxd.it/29Qo
2020-05-03,Harry Potter and the Deathly Hallows: Part 1,2010,https://boxd.it/1RYu
2020-05-03,Harry Potter and the Order of the Phoenix,2007,https://boxd.it/29Qe
2020-05-03,Harry Potter and the Half-Blood Prince,2009,https://boxd.it/29FU
2020-05-03,Late Spring,1949,https://boxd.it/1DkK
2020-05-03,Zero Effect,1998,https://boxd.it/1KIO
2020-05-04,The Magnificent Seven,1960,https://boxd.it/29bA
2020-05-04,13 Assassins,2010,https://boxd.it/jqc
2020-05-04,La Ciénaga,2001,https://boxd.it/kpk
2020-05-04,She Spent So Many Hours Under the Sun Lamps,1985,https://boxd.it/53Ei
2020-05-04,La Promesse,1996,https://boxd.it/1y8E
2020-05-04,My Winnipeg,2007,https://boxd.it/1Qz4
2020-05-04,Dancer in the Dark,2000,https://boxd.it/71E
2020-05-04,Rio Bravo,1959,https://boxd.it/2aE4
2020-05-04,The Grapes of Wrath,1940,https://boxd.it/2a2u
2020-05-04,McCabe & Mrs. Miller,1971,https://boxd.it/1ooC
2020-05-04,Pat Garrett & Billy the Kid,1973,https://boxd.it/1TvE
2020-05-04,The Wild Bunch,1969,https://boxd.it/2a5y
2020-05-04,A Man Escaped,1956,https://boxd.it/1MzY
2020-05-04,Au Hasard Balthazar,1966,https://boxd.it/1E3g
2020-05-04,Pickpocket,1959,https://boxd.it/29O8
2020-05-04,L'Argent,1983,https://boxd.it/XIg
2020-05-04,Diary of a Country Priest,1951,https://boxd.it/UDC
2020-05-04,Mouchette,1967,https://boxd.it/28Bs
2020-05-04,Steamboat Willie,1928,https://boxd.it/wgk
2020-05-04,Ravening,2019,https://boxd.it/kTVA
2020-05-04,Selma,2014,https://boxd.it/8jak
2020-05-04,Jallikattu,2019,https://boxd.it/kHjO
2020-05-04,The Perfect Fishplate,2005,https://boxd.it/jv8i
2020-05-04,Sweat,2007,https://boxd.it/5C9E
2020-05-04,Still Life,2006,https://boxd.it/26Tk
2020-05-04,Platform,2000,https://boxd.it/2O0S
2020-05-04,Pickpocket,1997,https://boxd.it/zPi
2020-05-04,Close Encounters of the Third Kind,1977,https://boxd.it/29u8
2020-05-04,Small Change,1976,https://boxd.it/28mM
2020-05-04,Audition,1999,https://boxd.it/1UHm
2020-05-04,Linda Linda Linda,2005,https://boxd.it/1s1C
2020-05-04,Love Exposure,2008,https://boxd.it/1pDe
2020-05-04,Departures,2008,https://boxd.it/1JFa
2020-05-04,The Twilight Samurai,2002,https://boxd.it/1RRI
2020-05-04,Sansho the Bailiff,1954,https://boxd.it/1Dkq
2020-05-04,Funeral Parade of Roses,1969,https://boxd.it/28Cg
2020-05-04,The Ballad of Narayama,1983,https://boxd.it/XI6
2020-05-04,Fires on the Plain,1959,https://boxd.it/1j8a
2020-05-04,Indiana Jones and the Temple of Doom,1984,https://boxd.it/2bb8
2020-05-04,Indiana Jones and the Last Crusade,1989,https://boxd.it/2baO
2020-05-04,Indiana Jones and the Kingdom of the Crystal Skull,2008,https://boxd.it/2aR8
2020-05-04,Star Wars: Episode I - The Phantom Menace,1999,https://boxd.it/27Vc
2020-05-04,Star Wars: Episode II - Attack of the Clones,2002,https://boxd.it/27V2
2020-05-04,Star Wars: Episode III - Revenge of the Sith,2005,https://boxd.it/27US
2020-05-04,Light of My Life,2019,https://boxd.it/fGxK
2020-05-04,Freaks,2018,https://boxd.it/jFUm
2020-05-04,Diamantino,2018,https://boxd.it/iNoQ
2020-05-04,Fast Color,2018,https://boxd.it/g3wg
2020-05-05,The Wild Pear Tree,2018,https://boxd.it/eMtM
2020-05-05,Distant,2002,https://boxd.it/1k28
2020-05-05,Son of Saul,2015,https://boxd.it/b6r4
2020-05-05,Due Date,2010,https://boxd.it/YFs
2020-05-05,Sound of Metal,2019,https://boxd.it/i7Q4
2020-05-05,27 Steps of May,2018,https://boxd.it/k8bq
2020-05-05,Papicha,2019,https://boxd.it/lPAq
2020-05-05,The Specials,2019,https://boxd.it/lifa
2020-05-05,Corpus Christi,2019,https://boxd.it/gULy
2020-05-05,The Negotiator,1998,https://boxd.it/1YbO
2020-05-05,Mulan,1998,https://boxd.it/1VFw
2020-05-05,Blade,1998,https://boxd.it/1a8A
2020-05-05,Rush Hour,1998,https://boxd.it/27pU
2020-05-05,Love & Pop,1998,https://boxd.it/2sv0
2020-05-05,Minari,2020,https://boxd.it/mL9M
2020-05-05,The Human Condition I: No Greater Love,1959,https://boxd.it/1jAy
2020-05-05,The Human Condition III: A Soldier's Prayer,1961,https://boxd.it/1dIQ
2020-05-05,The Human Condition II: Road to Eternity,1959,https://boxd.it/1dJa
2020-05-05,Pather Panchali,1955,https://boxd.it/22yC
2020-05-05,The World of Apu,1959,https://boxd.it/29l6
2020-05-05,Aparajito,1956,https://boxd.it/29kW
2020-05-05,The Music Room,1958,https://boxd.it/29x2
2020-05-05,The Big City,1963,https://boxd.it/fI2
2020-05-05,Satantango,1994,https://boxd.it/1j9M
2020-05-05,"Welcome, or No Trespassing",1964,https://boxd.it/1CL6
2020-05-05,The Turin Horse,2011,https://boxd.it/2Qsk
2020-05-05,Werckmeister Harmonies,2000,https://boxd.it/1zzw
2020-05-05,Central Station,1998,https://boxd.it/29RG
2020-05-05,Woman in the Dunes,1964,https://boxd.it/1JNS
2020-05-05,Le Trou,1960,https://boxd.it/1nSw
2020-05-05,Scenes from a Marriage,1974,https://boxd.it/4kJC
2020-05-05,A Woman Under the Influence,1974,https://boxd.it/1myg
2020-05-05,Ordet,1955,https://boxd.it/Jiy
2020-05-05,Eternity and a Day,1998,https://boxd.it/1wSq
2020-05-05,Army of Shadows,1969,https://boxd.it/1Mli
2020-05-06,Slaughterhouse-Five,1972,https://boxd.it/1xrU
2020-05-06,Vanilla Sky,2001,https://boxd.it/27TK
2020-05-06,Signs,2002,https://boxd.it/26t2
2020-05-06,eXistenZ,1999,https://boxd.it/27Ni
2020-05-06,The Gift,2015,https://boxd.it/aJMy
2020-05-06,John Wick: Chapter 4,2022,https://boxd.it/mh48
2020-05-07,The Immigrant,1917,https://boxd.it/Kcm
2020-05-07,A Dog's Life,1918,https://boxd.it/1b5s
2020-05-07,Battleship Potemkin,1925,https://boxd.it/29Vo
2020-05-07,The Maltese Falcon,1941,https://boxd.it/29c4
2020-05-07,Songs from the Second Floor,2000,https://boxd.it/1eoM
2020-05-07,A Swedish Love Story,1970,https://boxd.it/1joi
2020-05-08,Youth,2015,https://boxd.it/9Y7S
2020-05-08,Stripes,1981,https://boxd.it/gY6
2020-05-08,Nights of Cabiria,1957,https://boxd.it/1F7e
2020-05-08,Sweet Smell of Success,1957,https://boxd.it/29aW
2020-05-08,The Cranes Are Flying,1957,https://boxd.it/169Y
2020-05-08,Mr. Smith Goes to Washington,1939,https://boxd.it/25Ms
2020-05-08,The Story of the Last Chrysanthemum,1939,https://boxd.it/O1i
2020-05-08,Ringu,1998,https://boxd.it/26tw
2020-05-08,An Affair to Remember,1957,https://boxd.it/20is
2020-05-08,Inherit the Wind,1960,https://boxd.it/27SW
2020-05-08,The Italian Job,1969,https://boxd.it/1W1i
2020-05-08,"They Shoot Horses, Don't They?",1969,https://boxd.it/1q9u
2020-05-08,Midnight Cowboy,1969,https://boxd.it/25Hi
2020-05-08,The Manchurian Candidate,1962,https://boxd.it/299Y
2020-05-08,How Green Was My Valley,1941,https://boxd.it/UV2
2020-05-08,Sullivan's Travels,1941,https://boxd.it/1Ko0
2020-05-08,The Lady Eve,1941,https://boxd.it/25LY
2020-05-08,Suspicion,1941,https://boxd.it/1TNo
2020-05-08,Belle de Jour,1967,https://boxd.it/29Uq
2020-05-08,In Cold Blood,1967,https://boxd.it/1G62
2020-05-08,Point Blank,1967,https://boxd.it/1uAE
2020-05-08,Serpico,1973,https://boxd.it/1ZjE
2020-05-08,Ordinary People,1980,https://boxd.it/1JTm
2020-05-08,Blazing Saddles,1974,https://boxd.it/1UHQ
2020-05-08,Bring Me the Head of Alfredo Garcia,1974,https://boxd.it/1SIs
2020-05-08,Wuthering Heights,1939,https://boxd.it/25Mi
2020-05-08,Gunga Din,1939,https://boxd.it/1wFm
2020-05-08,Good Morning,1959,https://boxd.it/2lkk
2020-05-08,Nine Days,2020,https://boxd.it/mqL6
2020-05-08,Man with a Movie Camera,1929,https://boxd.it/1u7s
2020-05-08,Farewell My Concubine,1993,https://boxd.it/1UTM
2020-05-09,Shane,1953,https://boxd.it/25Ig
2020-05-09,Hiroshima Mon Amour,1959,https://boxd.it/22WY
2020-05-09,Dave Chappelle: Killin' Them Softly,2000,https://boxd.it/1KrS
2020-05-10,Kramer vs. Kramer,1979,https://boxd.it/h0w
2020-05-10,A Secret Love,2020,https://boxd.it/pE6i
2020-05-11,Every Which Way But Loose,1978,https://boxd.it/1MhA
2020-05-11,Red River,1948,https://boxd.it/25Lu
2020-05-11,Scarface,1932,https://boxd.it/29oa
2020-05-11,The Misfits,1961,https://boxd.it/1TCg
2020-05-12,A Scene at the Sea,1991,https://boxd.it/1z10
2020-05-12,Kikujiro,1999,https://boxd.it/24xc
2020-05-12,Ichi the Killer,2001,https://boxd.it/1Y1O
2020-05-12,Kids Return,1996,https://boxd.it/1sfY
2020-05-12,Dersu Uzala,1975,https://boxd.it/1XRO
2020-05-13,Rolling Thunder Revue: A Bob Dylan Story by Martin Scorsese,2019,https://boxd.it/l5DI
2020-05-13,Amy,2015,https://boxd.it/aSNU
2020-05-13,Miles Davis: Birth of the Cool,2019,https://boxd.it/kLfm
2020-05-13,Dont Look Back,1967,https://boxd.it/2b3y
2020-05-13,Gimme Shelter,1970,https://boxd.it/2b42
2020-05-13,"Life, and Nothing More...",1992,https://boxd.it/2WEc
2020-05-13,Where Is My Friend's House?,1987,https://boxd.it/ELg
2020-05-14,Kung Fu Panda,2008,https://boxd.it/1Yws
2020-05-14,Porco Rosso,1992,https://boxd.it/1Tp2
2020-05-16,The Discreet Charm of the Bourgeoisie,1972,https://boxd.it/2440
2020-05-16,The Young and the Damned,1950,https://boxd.it/29AA
2020-05-16,Top Gun,1986,https://boxd.it/29JC
2020-05-16,She's Gotta Have It,1986,https://boxd.it/1quC
2020-05-16,Chi-Raq,2015,https://boxd.it/bjIM
2020-05-16,Basic Instinct,1992,https://boxd.it/2asM
2020-05-16,The Black Power Mixtape 1967-1975,2011,https://boxd.it/2ypM
2020-05-17,Police,1916,https://boxd.it/wCK
2020-05-17,Mickey and the Beanstalk,1947,https://boxd.it/1jLG
2020-05-17,A Scanner Darkly,2006,https://boxd.it/25jK
2020-05-17,The Beaches of Agnès,2008,https://boxd.it/14Y6
2020-05-17,Society,1989,https://boxd.it/1ARc
2020-05-17,The Thief of Bagdad,1940,https://boxd.it/1Sei
2020-05-17,Hot Rod,2007,https://boxd.it/1X9C
2020-05-18,Hera Pheri,2000,https://boxd.it/1BBO
2020-05-19,Sin Nombre,2009,https://boxd.it/1ChU
2020-05-19,Rosetta,1999,https://boxd.it/1TJw
2020-05-19,The Blues Brothers,1980,https://boxd.it/2adi
2020-05-19,The Longest Day,1962,https://boxd.it/1Z3w
2020-05-19,Glengarry Glen Ross,1992,https://boxd.it/1Yw8
2020-05-19,Good Bye Lenin!,2003,https://boxd.it/2ayA
2020-05-19,Barbara,2012,https://boxd.it/37XY
2020-05-19,The Wave,2008,https://boxd.it/20OS
2020-05-19,Generation War,2013,https://boxd.it/5stY
2020-05-19,Mrs. Doubtfire,1993,https://boxd.it/29Cw
2020-05-19,Waltz with Bashir,2008,https://boxd.it/1ZFA
2020-05-20,ReMastered: Devil at the Crossroads,2019,https://boxd.it/keZQ
2020-05-20,Amazing Grace,2018,https://boxd.it/c2VQ
2020-05-20,Cracked Actor,1975,https://boxd.it/5d7I
2020-05-20,Sound City,2013,https://boxd.it/4VtQ
2020-05-21,Muse: Hullabaloo,2002,https://boxd.it/1v0W
2020-05-21,Shame,1968,https://boxd.it/1tZo
2020-05-21,Mountains May Depart,2015,https://boxd.it/a86U
2020-05-21,La Chambre,1972,https://boxd.it/3Gps
2020-05-21,My Dinner with Andre,1981,https://boxd.it/1vLe
2020-05-22,Scarface,2021,https://boxd.it/aSVE
2020-05-22,Lord of the Flies,,https://boxd.it/mUqi
2020-05-23,Saturday Night Fever,1977,https://boxd.it/1URQ
2020-05-24,Armageddon,1998,https://boxd.it/2b9Q
2020-05-24,The Big Sleep,1946,https://boxd.it/29iQ
2020-05-25,Milk,2008,https://boxd.it/1WZC
2020-05-25,Sleuth,1972,https://boxd.it/298c
2020-05-25,Laura,1944,https://boxd.it/27Oq
2020-05-25,Out of the Past,1947,https://boxd.it/29PK
2020-05-25,Touch of Evil,1958,https://boxd.it/28II
2020-05-25,The Hobbit: The Battle of the Five Armies,2014,https://boxd.it/43aU
2020-05-25,The Hobbit: The Desolation of Smaug,2013,https://boxd.it/nmS
2020-05-25,The Hobbit: An Unexpected Journey,2012,https://boxd.it/GZk
2020-05-25,The Old Man & the Gun,2018,https://boxd.it/fd1q
2020-05-25,Straw Dogs,1971,https://boxd.it/2982
2020-05-26,Cousin Ben Troop Screening,2012,https://boxd.it/49SS
2020-05-26,Come Together,2016,https://boxd.it/kKWk
2020-05-26,Downfall,2004,https://boxd.it/2a04
2020-05-26,La Belle Époque,2019,https://boxd.it/lXCE
2020-05-26,The Ascent,1977,https://boxd.it/Eew
2020-05-27,Compañeros,1970,https://boxd.it/eCM
2020-05-27,HAIM / Valentine,2017,https://boxd.it/jwGA
2020-05-27,Hidden Figures,2016,https://boxd.it/dgS4
2020-05-27,You Can Count on Me,2000,https://boxd.it/1Omi
2020-05-28,Zero for Conduct,1933,https://boxd.it/ROW
2020-05-28,Belly,1998,https://boxd.it/1R5Y
2020-05-28,Nosferatu,1922,https://boxd.it/29TM
2020-05-28,The Cabinet of Dr. Caligari,1920,https://boxd.it/2aOo
2020-05-28,Faust,1926,https://boxd.it/1Vxi
2020-05-28,Häxan,1922,https://boxd.it/n4O
2020-05-28,A Page of Madness,1926,https://boxd.it/3i2u
2020-05-28,The Phantom of the Opera,1925,https://boxd.it/29bU
2020-05-28,The Last Laugh,1924,https://boxd.it/22es
2020-05-28,Strike,1925,https://boxd.it/QFk
2020-05-28,The Lodger: A Story of the London Fog,1927,https://boxd.it/26m6
2020-05-28,The Crowd,1928,https://boxd.it/25Q0
2020-05-28,Seven Chances,1925,https://boxd.it/1gRG
2020-05-28,Easy Street,1917,https://boxd.it/KcQ
2020-05-29,The Lady Vanishes,1938,https://boxd.it/29ea
2020-05-29,The Man Who Knew Too Much,1934,https://boxd.it/20uI
2020-05-29,F for Fake,1973,https://boxd.it/VxA
2020-05-29,The Lady from Shanghai,1947,https://boxd.it/251Q
2020-05-29,The Lost Weekend,1945,https://boxd.it/1pgE
2020-05-29,The Wages of Fear,1953,https://boxd.it/2aSK
2020-05-29,Umberto D.,1952,https://boxd.it/29vg
2020-05-29,Ride the High Country,1962,https://boxd.it/1b5C
2020-05-29,Blow-Up,1966,https://boxd.it/2966
2020-05-29,"Aguirre, the Wrath of God",1972,https://boxd.it/27Fe
2020-05-29,Predator,1987,https://boxd.it/2b84
2020-05-29,Lethal Weapon,1987,https://boxd.it/29e0
2020-05-29,Manchester by the Sea,2016,https://boxd.it/b2L0
2020-05-29,Okja,2017,https://boxd.it/dvXe
2020-05-29,The King's Man,2021,https://boxd.it/h714
2020-05-29,20th Century Women,2016,https://boxd.it/bqU6
2020-05-29,The Thin Red Line,1998,https://boxd.it/1ZTM
2020-05-29,The Mask,1994,https://boxd.it/29rS
2020-05-29,The Iron Giant,1999,https://boxd.it/1Wow
2020-05-29,Dumb and Dumber,1994,https://boxd.it/206m
2020-05-29,Ace Ventura: Pet Detective,1994,https://boxd.it/25RW
2020-05-29,Man on the Moon,1999,https://boxd.it/281k
2020-05-29,Unsettling Scenes,2020,https://boxd.it/qtVQ
2020-05-31,The Hustler,1961,https://boxd.it/298G
2020-05-31,Koyaanisqatsi,1982,https://boxd.it/1U9E
2020-05-31,Cure,1997,https://boxd.it/1blA
2020-05-31,The Distance Between Us and the Sky,2019,https://boxd.it/lYFk
2020-05-31,Murder by Death,1976,https://boxd.it/228k
2020-06-01,Crazy World,2014,https://boxd.it/n0w2
2020-06-01,Dreams,1990,https://boxd.it/1ROu
2020-06-01,A Streetcar Named Desire,1951,https://boxd.it/29Mc
2020-06-01,Born in Flames,1983,https://boxd.it/19IC
2020-06-01,Killers of the Flower Moon,,https://boxd.it/gHp0
2020-06-02,Pandora's Box,1929,https://boxd.it/29jE
2020-06-03,Leave No Trace,2018,https://boxd.it/fMfM
2020-06-03,God's Own Country,2017,https://boxd.it/faZM
2020-06-03,Happy Together,1997,https://boxd.it/1Ha0
2020-06-03,Fish Tank,2009,https://boxd.it/1xBg
2020-06-03,Stromboli,1950,https://boxd.it/24Js
2020-06-03,Secret Window,2004,https://boxd.it/28xq
2020-06-03,Bleeder,1999,https://boxd.it/1HKs
2020-06-03,Pusher,1996,https://boxd.it/27wG
2020-06-03,Pusher II: With Blood on My Hands,2004,https://boxd.it/1U7y
2020-06-03,Pusher III,2005,https://boxd.it/1U7e
2020-06-04,Good Morning,2008,https://boxd.it/fqQc
2020-06-04,The Umbrellas of Cherbourg,1964,https://boxd.it/22fK
2020-06-04,The Young Girls of Rochefort,1967,https://boxd.it/26K8
2020-06-04,A Mystery Inside of a Fact,2016,https://boxd.it/feNg
2020-06-05,Paris Is Burning,1990,https://boxd.it/1jzg
2020-06-05,Black Panthers,1968,https://boxd.it/4BCe
2020-06-05,Stormy Weather,1943,https://boxd.it/UhQ
2020-06-05,The Defiant Ones,1958,https://boxd.it/1TTQ
2020-06-05,Guess Who's Coming to Dinner,1967,https://boxd.it/27Xi
2020-06-05,Elephant,2003,https://boxd.it/287i
2020-06-05,American Graffiti,1973,https://boxd.it/29us
2020-06-05,Cabaret,1972,https://boxd.it/1Vpe
2020-06-05,Zelig,1983,https://boxd.it/1UOC
2020-06-05,Blood Rider,2020,https://boxd.it/qwUm
2020-06-05,R100,2013,https://boxd.it/5Qc8
2020-06-05,Reality,2014,https://boxd.it/5txC
2020-06-05,Lost River,2014,https://boxd.it/5cjy
2020-06-05,Blind,2014,https://boxd.it/7dB8
2020-06-05,Cemetery of Splendor,2015,https://boxd.it/9tIo
2020-06-05,The Duke of Burgundy,2014,https://boxd.it/7kwu
2020-06-05,The Forbidden Room,2015,https://boxd.it/abC0
2020-06-05,World of Tomorrow Episode Two: The Burden of Other People's Thoughts,2017,https://boxd.it/gU8m
2020-06-06,Lost Transmissions,2019,https://boxd.it/jvUG
2020-06-06,Black Girl,1966,https://boxd.it/3jIQ
2020-06-07,The Hate U Give,2018,https://boxd.it/gQyg
2020-06-07,Rocketman,2019,https://boxd.it/iehK
2020-06-07,Doctor Sleep,2019,https://boxd.it/i5vI
2020-06-07,I Am Easy to Find,2019,https://boxd.it/lzSy
2020-06-07,It Comes at Night,2017,https://boxd.it/eLuk
2020-06-07,The Thin Blue Line,1988,https://boxd.it/1OnK
2020-06-07,Bird Karma,2018,https://boxd.it/itLA
2020-06-07,Clueless,1995,https://boxd.it/1Ygk
2020-06-07,Frenzy,1972,https://boxd.it/2a62
2020-06-07,Foreign Correspondent,1940,https://boxd.it/1vlA
2020-06-07,Lifeboat,1944,https://boxd.it/1Qpo
2020-06-07,Young and Innocent,1937,https://boxd.it/26lM
2020-06-07,Blackmail,1929,https://boxd.it/2aao
2020-06-07,Where Do We Go Now?,2011,https://boxd.it/2GgS
2020-06-07,Happy Machine,2007,https://boxd.it/qDA4
2020-06-07,Midnight Run,1988,https://boxd.it/1ZnQ
2020-06-07,Leon in Wintertime,2008,https://boxd.it/7T5y
2020-06-07,The Kid with a Bike,2011,https://boxd.it/5Xc
2020-06-08,Fauve,2018,https://boxd.it/ifik
2020-06-08,I Killed My Mother,2009,https://boxd.it/1ubO
2020-06-08,Peacock,2015,https://boxd.it/deMy
2020-06-09,Risky Business,1983,https://boxd.it/1YUE
2020-06-09,Land of Mine,2015,https://boxd.it/b5ee
2020-06-09,Open Your Eyes,1997,https://boxd.it/27TU
2020-06-09,Nine Queens,2000,https://boxd.it/1HBA
2020-06-09,The Body,2012,https://boxd.it/3Jsa
2020-06-09,The Others,2001,https://boxd.it/27Po
2020-06-09,Hedwig and the Angry Inch,2001,https://boxd.it/1Qfe
2020-06-10,Devil in a Blue Dress,1995,https://boxd.it/204A
2020-06-10,Loveless,2017,https://boxd.it/fcFa
2020-06-11,Boy Erased,2018,https://boxd.it/gWxe
2020-06-11,Happy as Lazzaro,2018,https://boxd.it/hiVs
2020-06-11,The Straight Story,1999,https://boxd.it/2ass
2020-06-11,Boys State,2020,https://boxd.it/oiNW
2020-06-12,Us,2019,https://boxd.it/gnV6
2020-06-12,Mr. Roosevelt,2017,https://boxd.it/f1hc
2020-06-12,The Young Offenders,2016,https://boxd.it/emS2
2020-06-12,Absolutely Anything,2015,https://boxd.it/34Ry
2020-06-12,The Matrix 4,2021,https://boxd.it/n87k
2020-06-12,Eastern Promises,2007,https://boxd.it/275q
2020-06-12,Dead Presidents,1995,https://boxd.it/1TQi
2020-06-13,NYPD: Biggest Gang In New York?,2016,https://boxd.it/emWy
2020-06-13,Time: The Kalief Browder Story,2017,https://boxd.it/fOQg
2020-06-13,The Mission,1986,https://boxd.it/1TTw
2020-06-14,Killer's Kiss,1955,https://boxd.it/1Xcc
2020-06-15,Patton,1970,https://boxd.it/1UnQ
2020-06-15,The Hunger Games: The Ballad of Songbirds and Snakes,,https://boxd.it/pZCY
2020-06-15,Red Cliff,2008,https://boxd.it/1S6y
2020-06-15,Rocky IV,1985,https://boxd.it/28T2
2020-06-15,Invasion of the Body Snatchers,1978,https://boxd.it/1SWk
2020-06-16,Hoop Dreams,1994,https://boxd.it/1Opc
2020-06-16,Dirty Computer,2018,https://boxd.it/iLhe
2020-06-16,Something Good - Negro Kiss,1898,https://boxd.it/kPtM
2020-06-16,The Spook Who Sat by the Door,1973,https://boxd.it/bxY
2020-06-17,Something Useful,2017,https://boxd.it/gMaY
2020-06-17,Ashes and Snow,2005,https://boxd.it/1E36
2020-06-17,The Grand Duel,1972,https://boxd.it/djk
2020-06-17,Hardcore,1979,https://boxd.it/XyA
2020-06-17,Cat People,1982,https://boxd.it/21SQ
2020-06-17,The Bad News Bears,1976,https://boxd.it/1zb0
2020-06-17,Carrie,1976,https://boxd.it/20ZQ
2020-06-17,Pretty Maids All in a Row,1971,https://boxd.it/2hpK
2020-06-17,Sorcerer,1977,https://boxd.it/14J6
2020-06-17,The Romance of Astrea and Celadon,2007,https://boxd.it/PtW
2020-06-17,Tabu,2012,https://boxd.it/3h40
2020-06-17,Laurence Anyways,2012,https://boxd.it/3HQu
2020-06-17,Tabu,1931,https://boxd.it/29aM
2020-06-17,No,2012,https://boxd.it/3Ie2
2020-06-17,Post Tenebras Lux,2012,https://boxd.it/3wTs
2020-06-17,Ida,2013,https://boxd.it/6fRg
2020-06-18,Thelma,2017,https://boxd.it/e7Ce
2020-06-19,Colossal Youth,2006,https://boxd.it/2T62
2020-06-19,Where Does Your Hidden Smile Lie?,2001,https://boxd.it/3jHS
2020-06-19,Guava Island,2019,https://boxd.it/jOF6
2020-06-19,American Paradise,2017,https://boxd.it/fTdS
2020-06-19,Out of the Past,,https://boxd.it/qOte
2020-06-19,Ugetsu,1953,https://boxd.it/1NyM
2020-06-19,Ashes and Diamonds,1958,https://boxd.it/23q0
2020-06-19,L'Avventura,1960,https://boxd.it/23hs
2020-06-20,He Got Game,1998,https://boxd.it/1YBs
2020-06-20,Blow,2001,https://boxd.it/24Mm
2020-06-20,The Trouble with Harry,1955,https://boxd.it/1Ul6
2020-06-20,A Patch of Blue,1965,https://boxd.it/1fEc
2020-06-21,Who Killed Captain Alex?,2010,https://boxd.it/adJ8
2020-06-21,Bad Black,2016,https://boxd.it/d8gm
2020-06-21,Killer of Sheep,1978,https://boxd.it/1rPc
2020-06-21,The Watermelon Woman,1996,https://boxd.it/RRc
2020-06-21,Hunger,2008,https://boxd.it/1Wso
2020-06-21,Pariah,2011,https://boxd.it/2wWk
2020-06-21,L'Atalante,1934,https://boxd.it/ThU
2020-06-22,When Marnie Was There,2014,https://boxd.it/78pm
2020-06-22,For Those in Peril,2013,https://boxd.it/5GOm
2020-06-22,1987: When the Day Comes,2017,https://boxd.it/fwdq
2020-06-22,Let the Right One In,2008,https://boxd.it/1Qr0
2020-06-23,Vitalina Varela,2019,https://boxd.it/gMWo
2020-06-23,Bait,2019,https://boxd.it/lac8
2020-06-23,Children of Paradise,1945,https://boxd.it/26H4
2020-06-23,Apollo 11,2019,https://boxd.it/k4r0
2020-06-24,Samurai Rebellion,1967,https://boxd.it/2loc
2020-06-24,Entranced Earth,1967,https://boxd.it/qkU
2020-06-24,Senna,2010,https://boxd.it/kfE
2020-06-24,Dead Ringers,1988,https://boxd.it/1Yqk
2020-06-24,John Mulaney: New in Town,2012,https://boxd.it/359M
2020-06-24,Donald Glover: Weirdo,2012,https://boxd.it/2XHG
2020-06-25,Patema Inverted,2013,https://boxd.it/6kwC
2020-06-25,Me and Earl and the Dying Girl,2015,https://boxd.it/9SAE
2020-06-26,A Beautiful Day in the Neighborhood,2019,https://boxd.it/i7vA
2020-06-26,Boyz n the Hood,1991,https://boxd.it/29Ug
2020-06-26,My Left Foot: The Story of Christy Brown,1989,https://boxd.it/1WW4
2020-06-26,Brothers,2009,https://boxd.it/20WW
2020-06-27,Before Midnight,2013,https://boxd.it/4ive
2020-06-27,Decalogue I,1989,https://boxd.it/3WmE
2020-06-27,Decalogue II,1989,https://boxd.it/C8Q
2020-06-27,Decalogue III,1989,https://boxd.it/3Wmu
2020-06-27,Decalogue V,1989,https://boxd.it/3Wma
2020-06-27,Decalogue IV,1989,https://boxd.it/C8w
2020-06-27,Decalogue VI,1989,https://boxd.it/3WlQ
2020-06-27,Decalogue VII,1989,https://boxd.it/3WlG
2020-06-27,Decalogue X,1989,https://boxd.it/3Wlm
2020-06-27,Decalogue IX,1989,https://boxd.it/3Wlw
2020-06-27,Decalogue VIII,1989,https://boxd.it/C8m
2020-06-27,My Life as a Zucchini,2016,https://boxd.it/dL2y
2020-06-27,Mary and Max,2009,https://boxd.it/1y2m
2020-06-27,Time of Eve: The Movie,2010,https://boxd.it/6Uhy
2020-06-27,Krisha,2015,https://boxd.it/ax4E
2020-06-27,Swallow,2019,https://boxd.it/lA0i
2020-06-27,The Party,1968,https://boxd.it/1VnC
2020-06-27,Trail of the Pink Panther,1982,https://boxd.it/1Y1k
2020-06-27,The American Friend,1977,https://boxd.it/1UkC
2020-06-27,Alice in the Cities,1974,https://boxd.it/27cG
2020-06-27,Le Havre,2011,https://boxd.it/2vzu
2020-06-27,Underground,1995,https://boxd.it/1SOA
2020-06-27,The Way Things Go,1987,https://boxd.it/28Rg
2020-06-27,"Rome, Open City",1945,https://boxd.it/2aD6
2020-06-27,Paisan,1946,https://boxd.it/20ay
2020-06-27,I Vitelloni,1953,https://boxd.it/1RJE
2020-06-27,La Strada,1954,https://boxd.it/2asi
2020-06-28,War of the Worlds,2005,https://boxd.it/2bde
2020-06-28,"Duck, You Sucker",1971,https://boxd.it/2ayU
2020-06-28,Ocean Waves,1993,https://boxd.it/1CtQ
2020-06-29,Vagabond,1985,https://boxd.it/T0u
2020-06-29,Le Bonheur,1965,https://boxd.it/xyk
2020-06-29,Sudden Impact,1983,https://boxd.it/1VJe
2020-06-29,Little Caesar,1931,https://boxd.it/1qIu
2020-06-29,White Heat,1949,https://boxd.it/1Lw0
2020-06-29,Revenge,2017,https://boxd.it/gL9g
2020-06-29,Dune,1984,https://boxd.it/29tY
2020-06-29,Wild at Heart,1990,https://boxd.it/2aii
2020-07-01,À Nos Amours,1983,https://boxd.it/271I
2020-07-01,Four Lions,2010,https://boxd.it/18do
2020-07-01,Angst,1983,https://boxd.it/1G46
2020-07-01,City on Fire,1987,https://boxd.it/XGY
2020-07-02,The Blair Witch Project,1999,https://boxd.it/26ua
2020-07-02,Kagemusha,1980,https://boxd.it/1SGG
2020-07-02,The Wolf House,2018,https://boxd.it/i1vE
2020-07-02,I'm No Longer Here,2019,https://boxd.it/lqSu
2020-07-03,"Roman J. Israel, Esq.",2017,https://boxd.it/ezRc
2020-07-03,Night of the Comet,1984,https://boxd.it/1GUw
2020-07-03,Black Sabbath,1963,https://boxd.it/1qoa
2020-07-03,Gosford Park,2001,https://boxd.it/239e
2020-07-03,Death on the Nile,,https://boxd.it/ifpg
2020-07-03,The Thin Man,1934,https://boxd.it/25gw
2020-07-03,Alphaville,1965,https://boxd.it/20AG
2020-07-03,THX 1138,1971,https://boxd.it/29Ww
2020-07-03,Repo Man,1984,https://boxd.it/1Plg
2020-07-03,Slacker,1990,https://boxd.it/1OUu
2020-07-04,The Miseducation of Cameron Post,2018,https://boxd.it/f6B2
2020-07-04,David & Me,2014,https://boxd.it/7Ycu
2020-07-04,Southwest of Salem: The Story of the San Antonio Four,2016,https://boxd.it/dEwQ
2020-07-04,The Return of the Living Dead,1985,https://boxd.it/1V3W
2020-07-04,Jurassic World,2015,https://boxd.it/4n0g
2020-07-04,Jurassic World: Fallen Kingdom,2018,https://boxd.it/bOnU
2020-07-04,Black Panther,2018,https://boxd.it/8MHs
2020-07-04,Incredibles 2,2018,https://boxd.it/7IPg
2020-07-04,Stoker,2013,https://boxd.it/34S2
2020-07-05,Super Deluxe,2019,https://boxd.it/fjRW
2020-07-05,My Own Private Idaho,1991,https://boxd.it/2ak4
2020-07-05,The Cell,2000,https://boxd.it/1ZLS
2020-07-05,Twin Peaks: Fire Walk with Me,1992,https://boxd.it/27Qw
2020-07-05,Summer Wars,2009,https://boxd.it/1oDC
2020-07-05,Cowboy Bebop: The Movie,2001,https://boxd.it/1Uc4
2020-07-05,Neon Genesis Evangelion: The End of Evangelion,1997,https://boxd.it/1GRM
2020-07-05,1900,1976,https://boxd.it/24Zg
2020-07-05,Beverly Hills Cop,1984,https://boxd.it/2baE
2020-07-05,A Personal Journey with Martin Scorsese Through American Movies,1995,https://boxd.it/rh8
2020-07-10,Threads,1984,https://boxd.it/1I0g
2020-07-10,The Babadook,2014,https://boxd.it/77xu
2020-07-10,Hard to Be a God,2013,https://boxd.it/3Ido
2020-07-10,Marona's Fantastic Tale,2019,https://boxd.it/kQVi
2020-07-10,Paddington 3,,https://boxd.it/iJve
2020-07-11,Wild Rose,2018,https://boxd.it/hmTU
2020-07-11,The Woman Who Ran,2020,https://boxd.it/oEEi
2020-07-12,They Live by Night,1948,https://boxd.it/SzS
2020-07-12,Bigger Than Life,1956,https://boxd.it/1uB8
2020-07-12,Mildred Pierce,1945,https://boxd.it/25uS
2020-07-12,Aswang,2019,https://boxd.it/nTcc
2020-07-12,Mistress America,2015,https://boxd.it/9UfS
2020-07-12,Wanda,1970,https://boxd.it/2OjK
2020-07-16,Scent of a Woman,1992,https://boxd.it/1YAu
2020-07-16,Babylon,2021,https://boxd.it/mM02
2020-07-16,Unsane,2018,https://boxd.it/gKrS
2020-07-17,Persepolis,2007,https://boxd.it/27DC
2020-07-18,Before the Devil Knows You're Dead,2007,https://boxd.it/20Jy
2020-07-18,Lost in America,1985,https://boxd.it/1shq
2020-07-18,I'm Still Here,2010,https://boxd.it/TcK
2020-07-18,Talking Heads,1980,https://boxd.it/GSy
2020-07-18,Daisies,1966,https://boxd.it/LZk
2020-07-19,The Hidden Fortress,1958,https://boxd.it/295M
2020-07-19,The Bad Sleep Well,1960,https://boxd.it/1iLA
2020-07-20,Un Flic,1972,https://boxd.it/W8G
2020-07-20,A Prophet,2009,https://boxd.it/1BGE
2020-07-20,The Long Good Friday,1980,https://boxd.it/1NlS
2020-07-20,Sexy Beast,2000,https://boxd.it/1SZS
2020-07-23,Judgment at Nuremberg,1961,https://boxd.it/29xc
2020-07-23,"It's a Mad, Mad, Mad, Mad World",1963,https://boxd.it/1TvO
2020-07-23,The Thirteen Assassins,1963,https://boxd.it/A2w
2020-07-23,Samurai Assassin,1965,https://boxd.it/2Lji
2020-07-23,The Sword of Doom,1966,https://boxd.it/1EoS
2020-07-23,Buffaloed,2019,https://boxd.it/jY24
2020-07-23,Hour of the Wolf,1968,https://boxd.it/1H9G
2020-07-24,Samurai I: Musashi Miyamoto,1954,https://boxd.it/1jfg
2020-07-24,Samurai II: Duel at Ichijoji Temple,1955,https://boxd.it/1jf6
2020-07-24,Samurai III: Duel at Ganryu Island,1956,https://boxd.it/1jeM
2020-07-29,Five Fingers of Death,1972,https://boxd.it/1Bfy
2020-07-29,Unfaithfully Yours,1948,https://boxd.it/1g4Y
2020-07-29,Uncle Boonmee Who Can Recall His Past Lives,2010,https://boxd.it/168Q
2020-07-29,The Look of Silence,2014,https://boxd.it/8006
2020-07-29,The Act of Killing,2012,https://boxd.it/44Cg
2020-07-29,Certified Copy,2010,https://boxd.it/IMW
2020-07-29,Get Carter,1971,https://boxd.it/28HU
2020-07-29,Le Jour Se Lève,1939,https://boxd.it/1sD2
2020-07-29,Hard Boiled,1992,https://boxd.it/1T6a
2020-07-29,La Ceremonie,1995,https://boxd.it/287C
2020-08-01,Y Tu Mamá También,2001,https://boxd.it/28QM
2020-08-01,Déjà Vu,2006,https://boxd.it/20PQ
2020-08-06,Eagle vs Shark,2007,https://boxd.it/1ZSY
2020-08-07,Lilya 4-ever,2002,https://boxd.it/1SyW
2020-08-07,"4 Months, 3 Weeks and 2 Days",2007,https://boxd.it/27DW
2020-08-07,The Sound of Music,1965,https://boxd.it/1MLK
2020-08-07,Taken,2008,https://boxd.it/1ZXa
2020-08-07,Twin Peaks: The Return,2017,https://boxd.it/hN9O
2020-08-07,Twin Peaks,1989,https://boxd.it/g8pk
2020-08-07,The Ox-Bow Incident,1942,https://boxd.it/29ai
2020-08-07,Hang 'em High,1968,https://boxd.it/23Ec
2020-08-07,The Outlaw Josey Wales,1976,https://boxd.it/1VuS
2020-08-07,Silver Lode,1954,https://boxd.it/1rNq
2020-08-07,The Naked Spur,1953,https://boxd.it/1Dts
2020-08-07,The Great Silence,1968,https://boxd.it/1ZlA
2020-08-07,El Topo,1970,https://boxd.it/1QYS
2020-08-07,High Plains Drifter,1973,https://boxd.it/1SOK
2020-08-07,The Experiment,2001,https://boxd.it/2a5I
2020-08-07,Kill List,2011,https://boxd.it/2z4g
2020-08-07,Angel Heart,1987,https://boxd.it/29WG
2020-08-07,Repulsion,1965,https://boxd.it/1TKu
2020-08-07,The Innocents,1961,https://boxd.it/1KeY
2020-08-07,Don't Look Now,1973,https://boxd.it/29fC
2020-08-07,Ms .45,1981,https://boxd.it/1AWG
2020-08-07,The Bird with the Crystal Plumage,1970,https://boxd.it/1DDW
2020-08-07,The Salvation,2014,https://boxd.it/7X0M
2020-08-07,The Big Gundown,1966,https://boxd.it/1JPa
2020-08-07,In a Valley of Violence,2016,https://boxd.it/987Q
2020-08-07,Zabriskie Point,1970,https://boxd.it/25Yy
2020-08-07,The Devils,1971,https://boxd.it/1inI
2020-08-07,Coffee and Cigarettes,2003,https://boxd.it/29nc
2020-08-07,Insomnia,1997,https://boxd.it/1txk
2020-08-07,The Fountainhead,1949,https://boxd.it/1xgW
2020-08-08,Cigarettes & Coffee,1993,https://boxd.it/3Diy
2020-08-08,At Land,1944,https://boxd.it/RWc
2020-08-08,"The Cook, the Thief, His Wife & Her Lover",1989,https://boxd.it/20VO
2020-08-08,Moving,1993,https://boxd.it/3RcO
2020-08-08,The People vs. Larry Flynt,1996,https://boxd.it/28rs
2020-08-08,Turkish Delight,1973,https://boxd.it/1CvW
2020-08-09,The Public Enemy,1931,https://boxd.it/1IdY
2020-08-09,Boxcar Bertha,1972,https://boxd.it/1A58
2020-08-12,Walkabout,1971,https://boxd.it/1bsG
2020-08-12,Holiday,1938,https://boxd.it/1Ks2
2020-08-13,"Love, Antosha",2019,https://boxd.it/kIjK
2020-08-13,The Diving Bell and the Butterfly,2007,https://boxd.it/27Di
2020-08-13,My Night at Maud's,1969,https://boxd.it/Hwo
2020-08-13,The Miracle Worker,1962,https://boxd.it/292I
2020-08-15,Flagpole Special,1998,https://boxd.it/hRsA
2020-08-15,Back Beyond,2013,https://boxd.it/6wnW
2020-08-15,Everything in This Dream,2015,https://boxd.it/j40G
2020-08-15,Junun,2015,https://boxd.it/c0fo
2020-08-15,For the Hungry Boy,2018,https://boxd.it/iRc0
2020-08-15,Untitled Paul Thomas Anderson Project,,https://boxd.it/qTKY
2020-08-16,Julien Donkey-Boy,1999,https://boxd.it/VNI
2020-08-17,Make Way for Tomorrow,1937,https://boxd.it/10hC
2020-08-17,Aquarius,2016,https://boxd.it/d6YQ
2020-08-17,Cold Tropics,2009,https://boxd.it/5wXS
2020-08-18,12:01 PM,1990,https://boxd.it/1kTm
2020-08-19,Funny Games,2007,https://boxd.it/207a
2020-08-19,Funny Games,1997,https://boxd.it/1WKM
2020-08-20,All Is Lost,2013,https://boxd.it/4OgK
2020-08-21,Greed,1924,https://boxd.it/28Pa
2020-08-21,Destry Rides Again,1939,https://boxd.it/Tua
2020-08-25,Hannah and Her Sisters,1986,https://boxd.it/23jy
2020-08-25,The Batman,2022,https://boxd.it/eDGs
2020-08-26,Landscape in the Mist,1988,https://boxd.it/JRy
2020-08-27,You're Sleeping Nicole,2014,https://boxd.it/88Te
2020-08-27,100 Yen Love,2014,https://boxd.it/a8tk
2020-08-27,The Mend,2014,https://boxd.it/7qGK
2020-08-27,Faults,2014,https://boxd.it/79FA
2020-08-27,Güeros,2014,https://boxd.it/7xYc
2020-08-27,Love & Mercy,2014,https://boxd.it/8bd6
2020-08-28,Lux Æterna,2019,https://boxd.it/m6b8
2020-08-28,Carne,1991,https://boxd.it/28Ak
2020-09-01,Dead Calm,1989,https://boxd.it/1W7K
2020-09-10,Soldier of Orange,1977,https://boxd.it/29X0
2020-09-11,RED,2010,https://boxd.it/13uu
2020-09-11,RED 2,2013,https://boxd.it/4E4E
2020-09-12,Visaranai,2015,https://boxd.it/cUXG
2020-09-12,Under the Shadow,2016,https://boxd.it/d1uG
2020-09-12,A Twelve-Year Night,2018,https://boxd.it/iDWI
2020-09-12,Blue Collar,1978,https://boxd.it/1Nhm
2020-09-13,A Most Wanted Man,2014,https://boxd.it/4WCE
2020-09-14,Loving Vincent,2017,https://boxd.it/biIQ
2020-09-14,The Housemaid,1960,https://boxd.it/WJs
2020-09-15,Like Stars on Earth,2007,https://boxd.it/20SA
2020-09-18,3 Women,1977,https://boxd.it/YPs
2020-09-19,Nomadland,2020,https://boxd.it/lnRy
2020-09-24,Where the Wild Things Are,2009,https://boxd.it/1K0C
2020-09-24,I'm Here,2010,https://boxd.it/19aA
2020-09-24,Amour,2012,https://boxd.it/34Q6
2020-09-25,Cobain: Montage of Heck,2015,https://boxd.it/akuY
2020-10-05,Amsterdamned,1988,https://boxd.it/27su
2020-10-07,Thirst,2009,https://boxd.it/1Aqq
2020-10-07,Brick,2005,https://boxd.it/1Z6A
2020-10-10,In the Heat of the Night,1967,https://boxd.it/1VLY
2020-10-12,Deerskin,2019,https://boxd.it/lqOW
2020-10-12,Gummo,1997,https://boxd.it/1H0Y
2020-10-14,Port of Shadows,1938,https://boxd.it/Nr0
2020-10-14,World of Tomorrow Episode Three: The Absent Destinations of David Prime,2020,https://boxd.it/rmsk
2020-10-14,World of Tomorrow Episode Four,,
2020-10-14,Drunken Angel,1948,https://boxd.it/1uYQ
2020-10-15,Stranger Than Paradise,1984,https://boxd.it/2ajU
2020-10-15,"New York, I Love You",2008,https://boxd.it/1RG6
2020-10-16,The Rider,2017,https://boxd.it/gazw
2020-10-16,The Second Mother,2015,https://boxd.it/9Ydm
2020-10-19,Fences,2016,https://boxd.it/dL6A
2020-10-19,The White Ribbon,2009,https://boxd.it/17eU
2020-10-19,Who's That Knocking at My Door,1967,https://boxd.it/Wgg
2020-10-19,The Big Shave,1967,https://boxd.it/HO8
2020-10-19,Broken Flowers,2005,https://boxd.it/2aCW
2020-10-19,The Astronomer's Dream,1898,https://boxd.it/3yr6
2020-10-19,The Haunted Castle,1896,https://boxd.it/4jBs
2020-10-19,Another Round,2020,https://boxd.it/lkba
2020-10-23,To Die By Your Side,2011,https://boxd.it/456U
2020-10-23,Scenes from the Suburbs,2011,https://boxd.it/2xJw
2020-10-25,Untitled The Adventures of Tintin Sequel,2022,https://boxd.it/gF4O
2020-10-25,Bad Taste,1987,https://boxd.it/1Xq4
2020-10-28,Oprah Winfrey Presents: When They See Us Now,2019,https://boxd.it/mtH2
2020-10-28,The Verdict,1982,https://boxd.it/1y3Y
2020-10-29,The Infernal Cakewalk,1903,https://boxd.it/3lBi
2020-10-29,Mr. Deeds Goes to Town,1936,https://boxd.it/1wWM
2020-11-01,The Green Ray,1986,https://boxd.it/t8W
2020-11-01,Love in the Afternoon,1972,https://boxd.it/1Svo
2020-11-05,First Cow,2019,https://boxd.it/krga
2020-11-06,The Savages,2007,https://boxd.it/20ra
2020-11-07,Marnie,1964,https://boxd.it/2afe
2020-11-07,Doctor Zhivago,1965,https://boxd.it/29jk
2020-11-07,Brief Encounter,1945,https://boxd.it/29sm
2020-11-07,Gallipoli,1981,https://boxd.it/1Tlk
2020-11-07,The Year of Living Dangerously,1982,https://boxd.it/1TBs
2020-11-08,The Cider House Rules,1999,https://boxd.it/28fm
2020-11-08,Down by Law,1986,https://boxd.it/28CA
2020-11-08,Possessor,2020,https://boxd.it/fsJW
2020-11-16,Pawn Sacrifice,2014,https://boxd.it/7dlE
2020-11-17,Kajillionaire,2020,https://boxd.it/jJDY
2020-11-17,Me and You and Everyone We Know,2005,https://boxd.it/28RK
2020-11-18,Batman Forever,1995,https://boxd.it/2ara
2020-11-19,The Dreamers,2003,https://boxd.it/28X4
2020-11-19,The Conformist,1970,https://boxd.it/20cE
2020-11-20,Cat People,1942,https://boxd.it/1vG4
2020-11-20,Wolfwalkers,2020,https://boxd.it/fGrC
2020-11-20,Still Processing,2020,https://boxd.it/oSfQ
2020-11-20,Shiva Baby,2020,https://boxd.it/oIv0
2020-11-20,One Night in Miami...,2020,https://boxd.it/oCUo
2020-11-22,If Anything Happens I Love You,2020,https://boxd.it/qIv4
2020-11-23,Desert Hearts,1985,https://boxd.it/2aFc
2020-11-24,The Trip,2010,https://boxd.it/6Bc
2020-11-25,Voyage of Time: Life's Journey,2016,https://boxd.it/34Sw
2020-11-26,"Bloody Nose, Empty Pockets",2020,https://boxd.it/mlpu
2020-11-27,Island of Lost Souls,1932,https://boxd.it/25TS
2020-11-28,Knight of Cups,2015,https://boxd.it/34Qq
